curated_path	source_path	bytes	sha256	role
01_computational_discovery/data/raw/logs/bound_prep/LiA3-Ref_LiCl.log	01_computational_discovery/umbrella/analysis_archive_20260725/workflow/remote_logs/bound_prep/LiA3-Ref_LiCl.log	510	62bc12f944ccb9543015fb0a0cf0f0522a7674a25af7c15a9204e62ba91edef2	workflow_log
01_computational_discovery/data/raw/logs/bound_prep/LiA3-Ref_NaCl.log	01_computational_discovery/umbrella/analysis_archive_20260725/workflow/remote_logs/bound_prep/LiA3-Ref_NaCl.log	534	40144f45b6c9db20616083ab1be38632893dc169de7fdcaa14fd1b49265c6376	workflow_log
01_computational_discovery/data/raw/logs/bound_prep/LiD3-Core_LiCl.log	01_computational_discovery/umbrella/analysis_archive_20260725/workflow/remote_logs/bound_prep/LiD3-Core_LiCl.log	525	e20fdc8c74182766185621f5ab0e1f5603df8f17df082729750069bb502a9a62	workflow_log
01_computational_discovery/data/raw/logs/bound_prep/LiD3-Core_NaCl.log	01_computational_discovery/umbrella/analysis_archive_20260725/workflow/remote_logs/bound_prep/LiD3-Core_NaCl.log	549	55891b032a3974751a2b7ef50abe58861a376615aaa29f1725a43085cf835151	workflow_log
01_computational_discovery/data/raw/logs/bound_prep/LiD3-Flex_LiCl.log	01_computational_discovery/umbrella/analysis_archive_20260725/workflow/remote_logs/bound_prep/LiD3-Flex_LiCl.log	530	34764771d4735bc9add02fdbf1aa0ec458095d9b28c04a58a29d4b903002d87f	workflow_log
01_computational_discovery/data/raw/logs/bound_prep/LiD3-Flex_NaCl.log	01_computational_discovery/umbrella/analysis_archive_20260725/workflow/remote_logs/bound_prep/LiD3-Flex_NaCl.log	554	a75b58eb5c9a1cfec1c72d2d2f55f11965825ef8d1692f43441213037a650f82	workflow_log
01_computational_discovery/data/raw/logs/bound_prep/LiDA-1_LiCl.log	01_computational_discovery/umbrella/analysis_archive_20260725/workflow/remote_logs/bound_prep/LiDA-1_LiCl.log	513	a6e72633da9f801ab06f53cc0efaba80fde90e1c50aa9806e52bc3a797f376ea	workflow_log
01_computational_discovery/data/raw/logs/bound_prep/LiDA-1_NaCl.log	01_computational_discovery/umbrella/analysis_archive_20260725/workflow/remote_logs/bound_prep/LiDA-1_NaCl.log	1223	cf7915443dc1391795de431d98488575bdbc6dee65f4defc64249ff6eb38e8d8	workflow_log
01_computational_discovery/data/raw/logs/bound_prep/LiDS-1_LiCl.log	01_computational_discovery/umbrella/analysis_archive_20260725/workflow/remote_logs/bound_prep/LiDS-1_LiCl.log	512	102b62b202dcdaa9ffef3ac3d2462595a710b4d651e6006d96b86c90297a6937	workflow_log
01_computational_discovery/data/raw/logs/bound_prep/LiDS-1_NaCl.log	01_computational_discovery/umbrella/analysis_archive_20260725/workflow/remote_logs/bound_prep/LiDS-1_NaCl.log	536	a5660e9360137768338929ac89f4ab942fd5e8cb77399121600bae71fa65078e	workflow_log
01_computational_discovery/data/raw/logs/bound_prep/LiLC-1_LiCl.log	01_computational_discovery/umbrella/analysis_archive_20260725/workflow/remote_logs/bound_prep/LiLC-1_LiCl.log	519	9e0bd3f03abef862aa6fe3db4fe843e5d000b287c20f0eacd8af3c08570ccbb8	workflow_log
01_computational_discovery/data/raw/logs/bound_prep/LiLC-1_NaCl.log	01_computational_discovery/umbrella/analysis_archive_20260725/workflow/remote_logs/bound_prep/LiLC-1_NaCl.log	543	afa6368dcfe1886d2d5e017915ba853538056efba39e11ba65646a74464172c7	workflow_log
01_computational_discovery/data/raw/logs/bound_prep/LiN3-Core_LiCl.log	01_computational_discovery/umbrella/analysis_archive_20260725/workflow/remote_logs/bound_prep/LiN3-Core_LiCl.log	515	ec2f94bb81f09743f23c8cb9fa7bcc14aa9c572e473acad057d381ff95102070	workflow_log
01_computational_discovery/data/raw/logs/bound_prep/LiN3-Core_NaCl.log	01_computational_discovery/umbrella/analysis_archive_20260725/workflow/remote_logs/bound_prep/LiN3-Core_NaCl.log	539	7689fe0d3a17d415c5f14ea6866a5107abe2767c59939469af6f811dd83a5a1a	workflow_log
01_computational_discovery/data/raw/logs/bound_prep/LiND-Hybrid_LiCl.log	01_computational_discovery/umbrella/analysis_archive_20260725/workflow/remote_logs/bound_prep/LiND-Hybrid_LiCl.log	538	4e6c130465faec07f2cb05c32356c4189082e33cc3e3c0eda0635f2f7b863244	workflow_log
01_computational_discovery/data/raw/logs/bound_prep/LiND-Hybrid_NaCl.log	01_computational_discovery/umbrella/analysis_archive_20260725/workflow/remote_logs/bound_prep/LiND-Hybrid_NaCl.log	555	62fae715a2df19496d698e37f0f8536e4439b8e7b45d9c530d412052550ca18e	workflow_log
01_computational_discovery/data/raw/logs/drivers/LiA3-Ref_LiCl.log	01_computational_discovery/umbrella/analysis_archive_20260725/workflow/remote_logs/drivers/LiA3-Ref_LiCl.log	0	e3b0c44298fc1c149afbf4c8996fb92427ae41e4649b934ca495991b7852b855	workflow_log
01_computational_discovery/data/raw/logs/drivers/LiA3-Ref_NaCl.log	01_computational_discovery/umbrella/analysis_archive_20260725/workflow/remote_logs/drivers/LiA3-Ref_NaCl.log	0	e3b0c44298fc1c149afbf4c8996fb92427ae41e4649b934ca495991b7852b855	workflow_log
01_computational_discovery/data/raw/logs/drivers/LiD3-Core_LiCl.log	01_computational_discovery/umbrella/analysis_archive_20260725/workflow/remote_logs/drivers/LiD3-Core_LiCl.log	0	e3b0c44298fc1c149afbf4c8996fb92427ae41e4649b934ca495991b7852b855	workflow_log
01_computational_discovery/data/raw/logs/drivers/LiD3-Core_NaCl.log	01_computational_discovery/umbrella/analysis_archive_20260725/workflow/remote_logs/drivers/LiD3-Core_NaCl.log	0	e3b0c44298fc1c149afbf4c8996fb92427ae41e4649b934ca495991b7852b855	workflow_log
01_computational_discovery/data/raw/logs/drivers/LiD3-Flex_LiCl.log	01_computational_discovery/umbrella/analysis_archive_20260725/workflow/remote_logs/drivers/LiD3-Flex_LiCl.log	0	e3b0c44298fc1c149afbf4c8996fb92427ae41e4649b934ca495991b7852b855	workflow_log
01_computational_discovery/data/raw/logs/drivers/LiD3-Flex_NaCl.log	01_computational_discovery/umbrella/analysis_archive_20260725/workflow/remote_logs/drivers/LiD3-Flex_NaCl.log	0	e3b0c44298fc1c149afbf4c8996fb92427ae41e4649b934ca495991b7852b855	workflow_log
01_computational_discovery/data/raw/logs/drivers/LiDA-1_LiCl.log	01_computational_discovery/umbrella/analysis_archive_20260725/workflow/remote_logs/drivers/LiDA-1_LiCl.log	0	e3b0c44298fc1c149afbf4c8996fb92427ae41e4649b934ca495991b7852b855	workflow_log
01_computational_discovery/data/raw/logs/drivers/LiDA-1_NaCl.log	01_computational_discovery/umbrella/analysis_archive_20260725/workflow/remote_logs/drivers/LiDA-1_NaCl.log	0	e3b0c44298fc1c149afbf4c8996fb92427ae41e4649b934ca495991b7852b855	workflow_log
01_computational_discovery/data/raw/logs/drivers/LiDS-1_LiCl.log	01_computational_discovery/umbrella/analysis_archive_20260725/workflow/remote_logs/drivers/LiDS-1_LiCl.log	0	e3b0c44298fc1c149afbf4c8996fb92427ae41e4649b934ca495991b7852b855	workflow_log
01_computational_discovery/data/raw/logs/drivers/LiDS-1_NaCl.log	01_computational_discovery/umbrella/analysis_archive_20260725/workflow/remote_logs/drivers/LiDS-1_NaCl.log	0	e3b0c44298fc1c149afbf4c8996fb92427ae41e4649b934ca495991b7852b855	workflow_log
01_computational_discovery/data/raw/logs/drivers/LiLC-1_LiCl.log	01_computational_discovery/umbrella/analysis_archive_20260725/workflow/remote_logs/drivers/LiLC-1_LiCl.log	0	e3b0c44298fc1c149afbf4c8996fb92427ae41e4649b934ca495991b7852b855	workflow_log
01_computational_discovery/data/raw/logs/drivers/LiLC-1_NaCl.log	01_computational_discovery/umbrella/analysis_archive_20260725/workflow/remote_logs/drivers/LiLC-1_NaCl.log	0	e3b0c44298fc1c149afbf4c8996fb92427ae41e4649b934ca495991b7852b855	workflow_log
01_computational_discovery/data/raw/logs/drivers/LiN3-Core_LiCl.log	01_computational_discovery/umbrella/analysis_archive_20260725/workflow/remote_logs/drivers/LiN3-Core_LiCl.log	0	e3b0c44298fc1c149afbf4c8996fb92427ae41e4649b934ca495991b7852b855	workflow_log
01_computational_discovery/data/raw/logs/drivers/LiN3-Core_NaCl.log	01_computational_discovery/umbrella/analysis_archive_20260725/workflow/remote_logs/drivers/LiN3-Core_NaCl.log	0	e3b0c44298fc1c149afbf4c8996fb92427ae41e4649b934ca495991b7852b855	workflow_log
01_computational_discovery/data/raw/logs/drivers/LiND-Hybrid_LiCl.log	01_computational_discovery/umbrella/analysis_archive_20260725/workflow/remote_logs/drivers/LiND-Hybrid_LiCl.log	0	e3b0c44298fc1c149afbf4c8996fb92427ae41e4649b934ca495991b7852b855	workflow_log
01_computational_discovery/data/raw/logs/drivers/LiND-Hybrid_NaCl.log	01_computational_discovery/umbrella/analysis_archive_20260725/workflow/remote_logs/drivers/LiND-Hybrid_NaCl.log	0	e3b0c44298fc1c149afbf4c8996fb92427ae41e4649b934ca495991b7852b855	workflow_log
01_computational_discovery/data/raw/manifests/archive_verification.tsv	01_computational_discovery/umbrella/analysis_archive_20260725/manifest/archive_verification.tsv	583	ca384b65828798a1e372ef959f1cbb0b023a263e2ac5de97810d8ad7537296e8	archive_verification
01_computational_discovery/data/raw/manifests/bulk_data_coverage.tsv	01_computational_discovery/umbrella/analysis_archive_20260725/manifest/bulk_data_coverage.tsv	723	ab9b79628e34e3ec75c0690b6216ea134dfe35043fcc5e4829b1c81057260d50	bulk_data_coverage
01_computational_discovery/data/raw/pmf/LiA3-Ref/LiCl/analysis_times.tsv	01_computational_discovery/umbrella/analysis_archive_20260725/paired_pmf/LiA3-Ref/LiCl/analysis_times.tsv	154	99bb2eba7f9ea4e0ec1d94935a67cbd218812023006103fc0db9e39b93567f07	pmf_evidence
01_computational_discovery/data/raw/pmf/LiA3-Ref/LiCl/bootstrap_std.xvg	01_computational_discovery/umbrella/analysis_archive_20260725/paired_pmf/LiA3-Ref/LiCl/bootstrap_std.xvg	8765	6f89c90cd4538d789f3ffbc0f4731ccd6a01bc445efb59dfcc47bdc1885c571d	pmf_evidence
01_computational_discovery/data/raw/pmf/LiA3-Ref/LiCl/histo_full.xvg	01_computational_discovery/umbrella/analysis_archive_20260725/paired_pmf/LiA3-Ref/LiCl/histo_full.xvg	81538	89cbedecaf403c87e6248fa3d067632f3f7a6d0654bd289e1d2f8f305168a71b	pmf_evidence
01_computational_discovery/data/raw/pmf/LiA3-Ref/LiCl/iact_full.xvg	01_computational_discovery/umbrella/analysis_archive_20260725/paired_pmf/LiA3-Ref/LiCl/iact_full.xvg	2023	eddee3d678bf5aa228b1c12e392fdddfd4e1c10d1a60fe08030da9a8801408bc	pmf_evidence
01_computational_discovery/data/raw/pmf/LiA3-Ref/LiCl/profile_burnin_12p5.xvg	01_computational_discovery/umbrella/analysis_archive_20260725/paired_pmf/LiA3-Ref/LiCl/profile_burnin_12p5.xvg	6063	391703f91545f25c81927aac2abd9ce688e9d2fa2d4db87a2fd989a21808604a	pmf_evidence
01_computational_discovery/data/raw/pmf/LiA3-Ref/LiCl/profile_burnin_25.xvg	01_computational_discovery/umbrella/analysis_archive_20260725/paired_pmf/LiA3-Ref/LiCl/profile_burnin_25.xvg	6057	4081be33dce68143a8acce7bd25f9a618945db4e56cd5a362eedbf264be7d1f4	pmf_evidence
01_computational_discovery/data/raw/pmf/LiA3-Ref/LiCl/profile_full.xvg	01_computational_discovery/umbrella/analysis_archive_20260725/paired_pmf/LiA3-Ref/LiCl/profile_full.xvg	6134	112aa1318f31278b953135eb6734f3c9b2e7b034420bb3fbe1d6c5dbc46beefd	pmf_evidence
01_computational_discovery/data/raw/pmf/LiA3-Ref/LiCl/profile_half_early.xvg	01_computational_discovery/umbrella/analysis_archive_20260725/paired_pmf/LiA3-Ref/LiCl/profile_half_early.xvg	6046	07c72578ae719ec0fe4d68e6e1cbe04f0aefe968d7526011aef4e8e2adbc46e4	pmf_evidence
01_computational_discovery/data/raw/pmf/LiA3-Ref/LiCl/profile_half_late.xvg	01_computational_discovery/umbrella/analysis_archive_20260725/paired_pmf/LiA3-Ref/LiCl/profile_half_late.xvg	6046	ea23c009e74918f896dcd5704fe62b6fedd24e5f567860ec1ccc6a6fc40f079c	pmf_evidence
01_computational_discovery/data/raw/pmf/LiA3-Ref/LiCl/pullf-files.dat	01_computational_discovery/umbrella/analysis_archive_20260725/paired_pmf/LiA3-Ref/LiCl/pullf-files.dat	3540	00296bd5cfe5354f40555d7ad1554ad5bac1a05212966a5ddcf69b817fa4e9de	pmf_evidence
01_computational_discovery/data/raw/pmf/LiA3-Ref/LiCl/tpr-files.dat	01_computational_discovery/umbrella/analysis_archive_20260725/paired_pmf/LiA3-Ref/LiCl/tpr-files.dat	3360	508c0b01484354b895e47ddcb04b817a3a2d857d55d5c3f4ea74d799db16632b	pmf_evidence
01_computational_discovery/data/raw/pmf/LiA3-Ref/LiCl/wham_full.log	01_computational_discovery/umbrella/analysis_archive_20260725/paired_pmf/LiA3-Ref/LiCl/wham_full.log	7117329	11af62ec2ef56341f3409f3a546d5bc6786378540b93627a3dea7cd8da0bd9d5	wham_log
01_computational_discovery/data/raw/pmf/LiA3-Ref/NaCl/analysis_times.tsv	01_computational_discovery/umbrella/analysis_archive_20260725/paired_pmf/LiA3-Ref/NaCl/analysis_times.tsv	154	99bb2eba7f9ea4e0ec1d94935a67cbd218812023006103fc0db9e39b93567f07	pmf_evidence
01_computational_discovery/data/raw/pmf/LiA3-Ref/NaCl/bootstrap_std.xvg	01_computational_discovery/umbrella/analysis_archive_20260725/paired_pmf/LiA3-Ref/NaCl/bootstrap_std.xvg	8760	4458fc83d63af7789164321567f1f1c66071e3891bb7d1762c2cf00fc28e6768	pmf_evidence
01_computational_discovery/data/raw/pmf/LiA3-Ref/NaCl/histo_full.xvg	01_computational_discovery/umbrella/analysis_archive_20260725/paired_pmf/LiA3-Ref/NaCl/histo_full.xvg	81543	95c7749df088003707391f9cb628f77dfe16e2f538836781e050f1b0eb9739ab	pmf_evidence
01_computational_discovery/data/raw/pmf/LiA3-Ref/NaCl/iact_full.xvg	01_computational_discovery/umbrella/analysis_archive_20260725/paired_pmf/LiA3-Ref/NaCl/iact_full.xvg	2028	0cfa410beb2985f7469daca469b630a90335fba92a6ff191238a03bd914fec23	pmf_evidence
01_computational_discovery/data/raw/pmf/LiA3-Ref/NaCl/profile_burnin_12p5.xvg	01_computational_discovery/umbrella/analysis_archive_20260725/paired_pmf/LiA3-Ref/NaCl/profile_burnin_12p5.xvg	6052	241b6ea4153add74000fe3b2330e005d2058d8f849c3ecf6da6f0998b9b32963	pmf_evidence
01_computational_discovery/data/raw/pmf/LiA3-Ref/NaCl/profile_burnin_25.xvg	01_computational_discovery/umbrella/analysis_archive_20260725/paired_pmf/LiA3-Ref/NaCl/profile_burnin_25.xvg	6045	25ec29e8b7e5897a2ac82b3f5dff579134eff0c17655cfcb3eb049d85d5ca7cd	pmf_evidence
01_computational_discovery/data/raw/pmf/LiA3-Ref/NaCl/profile_full.xvg	01_computational_discovery/umbrella/analysis_archive_20260725/paired_pmf/LiA3-Ref/NaCl/profile_full.xvg	6152	a68aaa6bea1c0324a71511586cb6ab061725d41148c451ce8bf365b18f931ab9	pmf_evidence
01_computational_discovery/data/raw/pmf/LiA3-Ref/NaCl/profile_half_early.xvg	01_computational_discovery/umbrella/analysis_archive_20260725/paired_pmf/LiA3-Ref/NaCl/profile_half_early.xvg	6046	3360263314a6005325067bab8578955ecd3fa71edc93688fc070887d878182ff	pmf_evidence
01_computational_discovery/data/raw/pmf/LiA3-Ref/NaCl/profile_half_late.xvg	01_computational_discovery/umbrella/analysis_archive_20260725/paired_pmf/LiA3-Ref/NaCl/profile_half_late.xvg	6059	2f8cc62a526cd36b2a4e5cb9d12e18174e326fe2df33cf59ad07e3f72ca99b17	pmf_evidence
01_computational_discovery/data/raw/pmf/LiA3-Ref/NaCl/pullf-files.dat	01_computational_discovery/umbrella/analysis_archive_20260725/paired_pmf/LiA3-Ref/NaCl/pullf-files.dat	3900	14c40773697be197fb9db88057e6f8e614bd5de9bb66a228396cec5bfc5f727f	pmf_evidence
01_computational_discovery/data/raw/pmf/LiA3-Ref/NaCl/tpr-files.dat	01_computational_discovery/umbrella/analysis_archive_20260725/paired_pmf/LiA3-Ref/NaCl/tpr-files.dat	3720	668d218b5e2315a7cfc5da03baaadabaad74b4422dc4f3fb7dc48a4e87e392f7	pmf_evidence
01_computational_discovery/data/raw/pmf/LiA3-Ref/NaCl/wham_full.log	01_computational_discovery/umbrella/analysis_archive_20260725/paired_pmf/LiA3-Ref/NaCl/wham_full.log	6568861	5b8939d814155284a3363fff5ca65d7bae6b3caa5a3b8f69048bee0395f86ae0	wham_log
01_computational_discovery/data/raw/pmf/LiA3-Ref/paired_qc.tsv	01_computational_discovery/umbrella/analysis_archive_20260725/paired_pmf/LiA3-Ref/LiA3-Ref_paired_qc.tsv	892	16a3002e62e09092108427f1853f29ac444fcf3b5751e74dc906038f97725bd2	paired_qc
01_computational_discovery/data/raw/pmf/LiA3-Ref/paired_regions.tsv	01_computational_discovery/umbrella/analysis_archive_20260725/paired_pmf/LiA3-Ref/paired_regions.tsv	222	72dd30febf09b7b36d1f94202376681520df8df95de035bab7a80310e6644ae7	paired_regions
01_computational_discovery/data/raw/pmf/LiD3-Core/LiCl/analysis_times.tsv	01_computational_discovery/umbrella/analysis_archive_20260725/paired_pmf/LiD3-Core/LiCl/analysis_times.tsv	154	99bb2eba7f9ea4e0ec1d94935a67cbd218812023006103fc0db9e39b93567f07	pmf_evidence
01_computational_discovery/data/raw/pmf/LiD3-Core/LiCl/bootstrap_std.xvg	01_computational_discovery/umbrella/analysis_archive_20260725/paired_pmf/LiD3-Core/LiCl/bootstrap_std.xvg	8717	b0ffbe36ad8d005d167f45341e7d69b581c0eb649bf7af22c6a090017bcd52d7	pmf_evidence
01_computational_discovery/data/raw/pmf/LiD3-Core/LiCl/histo_full.xvg	01_computational_discovery/umbrella/analysis_archive_20260725/paired_pmf/LiD3-Core/LiCl/histo_full.xvg	81539	a5fa565362e6be4f08d3b08acfec3589c75511a0302b8c4903bbd41ec084d20b	pmf_evidence
01_computational_discovery/data/raw/pmf/LiD3-Core/LiCl/iact_full.xvg	01_computational_discovery/umbrella/analysis_archive_20260725/paired_pmf/LiD3-Core/LiCl/iact_full.xvg	2024	7aa11ea42f44dac368cda3e01cac8f7bb6375085664bbff12fff4b2c8d88bb01	pmf_evidence
01_computational_discovery/data/raw/pmf/LiD3-Core/LiCl/profile_burnin_12p5.xvg	01_computational_discovery/umbrella/analysis_archive_20260725/paired_pmf/LiD3-Core/LiCl/profile_burnin_12p5.xvg	6050	2cdf80e8ed6c71ab271d03663955c3dd4d4a0f3a66012f40040016202ccefa19	pmf_evidence
01_computational_discovery/data/raw/pmf/LiD3-Core/LiCl/profile_burnin_25.xvg	01_computational_discovery/umbrella/analysis_archive_20260725/paired_pmf/LiD3-Core/LiCl/profile_burnin_25.xvg	6044	77a0504d7b9bf2f6cf3c7a0613f9f446d1a2e11a9ce4c128ff68009cfa3d83d3	pmf_evidence
01_computational_discovery/data/raw/pmf/LiD3-Core/LiCl/profile_full.xvg	01_computational_discovery/umbrella/analysis_archive_20260725/paired_pmf/LiD3-Core/LiCl/profile_full.xvg	6148	7605cc07a783f54ca413687388c8c67ff56c5a3b8404bfb799247d3a18629925	pmf_evidence
01_computational_discovery/data/raw/pmf/LiD3-Core/LiCl/profile_half_early.xvg	01_computational_discovery/umbrella/analysis_archive_20260725/paired_pmf/LiD3-Core/LiCl/profile_half_early.xvg	6058	09684dc23e86df92d84ef681a58342da6f3bf336b3a1f151bd92d9afbb88a73f	pmf_evidence
01_computational_discovery/data/raw/pmf/LiD3-Core/LiCl/profile_half_late.xvg	01_computational_discovery/umbrella/analysis_archive_20260725/paired_pmf/LiD3-Core/LiCl/profile_half_late.xvg	6057	12766cefd483e6cd998b12db31bb89bdffa25983f977920030a24fd5b39ac4af	pmf_evidence
01_computational_discovery/data/raw/pmf/LiD3-Core/LiCl/pullf-files.dat	01_computational_discovery/umbrella/analysis_archive_20260725/paired_pmf/LiD3-Core/LiCl/pullf-files.dat	3570	1328c1dbc4c86cfc732eff26acc765dea6a90ae93c36b6f656905323f8fbbe80	pmf_evidence
01_computational_discovery/data/raw/pmf/LiD3-Core/LiCl/tpr-files.dat	01_computational_discovery/umbrella/analysis_archive_20260725/paired_pmf/LiD3-Core/LiCl/tpr-files.dat	3390	78afab5fdd906256dab72daabb282f59efb754be15cbff2c39489e307d04ebee	pmf_evidence
01_computational_discovery/data/raw/pmf/LiD3-Core/LiCl/wham_full.log	01_computational_discovery/umbrella/analysis_archive_20260725/paired_pmf/LiD3-Core/LiCl/wham_full.log	8074232	d149185f9185ac1f4650eb95a792aeae3ee964bdfe76bf4493094cf34f3b79c5	wham_log
01_computational_discovery/data/raw/pmf/LiD3-Core/NaCl/analysis_times.tsv	01_computational_discovery/umbrella/analysis_archive_20260725/paired_pmf/LiD3-Core/NaCl/analysis_times.tsv	154	99bb2eba7f9ea4e0ec1d94935a67cbd218812023006103fc0db9e39b93567f07	pmf_evidence
01_computational_discovery/data/raw/pmf/LiD3-Core/NaCl/bootstrap_std.xvg	01_computational_discovery/umbrella/analysis_archive_20260725/paired_pmf/LiD3-Core/NaCl/bootstrap_std.xvg	8781	59c003772fb2c274af40bf6ae0b00a9c58a23fa32f121d89b8e5885b8874d6ef	pmf_evidence
01_computational_discovery/data/raw/pmf/LiD3-Core/NaCl/histo_full.xvg	01_computational_discovery/umbrella/analysis_archive_20260725/paired_pmf/LiD3-Core/NaCl/histo_full.xvg	81532	bba8620c7c1198430494af25548627729e2a989eb14e259f48f95e233351a392	pmf_evidence
01_computational_discovery/data/raw/pmf/LiD3-Core/NaCl/iact_full.xvg	01_computational_discovery/umbrella/analysis_archive_20260725/paired_pmf/LiD3-Core/NaCl/iact_full.xvg	2017	ec0aff49e12bfd6f374d7efdc57469fa373a966319e7f19eefd382712de34df1	pmf_evidence
01_computational_discovery/data/raw/pmf/LiD3-Core/NaCl/profile_burnin_12p5.xvg	01_computational_discovery/umbrella/analysis_archive_20260725/paired_pmf/LiD3-Core/NaCl/profile_burnin_12p5.xvg	6060	4c55218d5d65cd7a78cd2111014636dfd2d056cc98833ee504f32e7f556b967a	pmf_evidence
01_computational_discovery/data/raw/pmf/LiD3-Core/NaCl/profile_burnin_25.xvg	01_computational_discovery/umbrella/analysis_archive_20260725/paired_pmf/LiD3-Core/NaCl/profile_burnin_25.xvg	6054	0a4a522c4407a53ecd85a0f37f0dce6c232d029f4d2d10ad9901bdcf7e8413df	pmf_evidence
01_computational_discovery/data/raw/pmf/LiD3-Core/NaCl/profile_full.xvg	01_computational_discovery/umbrella/analysis_archive_20260725/paired_pmf/LiD3-Core/NaCl/profile_full.xvg	6141	aa68165126010db405cea9a3978d96804c04f27de8d6d37e2346207198c04b8b	pmf_evidence
01_computational_discovery/data/raw/pmf/LiD3-Core/NaCl/profile_half_early.xvg	01_computational_discovery/umbrella/analysis_archive_20260725/paired_pmf/LiD3-Core/NaCl/profile_half_early.xvg	6045	36af9841072091cdf390e18d58178f188ceea21fb07d28aeb45ed7a53ebe01db	pmf_evidence
01_computational_discovery/data/raw/pmf/LiD3-Core/NaCl/profile_half_late.xvg	01_computational_discovery/umbrella/analysis_archive_20260725/paired_pmf/LiD3-Core/NaCl/profile_half_late.xvg	6015	bdcc2507ec9ed2596589877ec3e4ca9ad35e765fc0bd7586fc4db49741640afa	pmf_evidence
01_computational_discovery/data/raw/pmf/LiD3-Core/NaCl/pullf-files.dat	01_computational_discovery/umbrella/analysis_archive_20260725/paired_pmf/LiD3-Core/NaCl/pullf-files.dat	3930	5448a187c3022530020e4a69c190d0b6ad6cc0699f0011d58b297eb7eff664a5	pmf_evidence
01_computational_discovery/data/raw/pmf/LiD3-Core/NaCl/tpr-files.dat	01_computational_discovery/umbrella/analysis_archive_20260725/paired_pmf/LiD3-Core/NaCl/tpr-files.dat	3750	2f63e06a02d4307b3cd539179be7ae18ca0f7e0318386c5c087dcfb3be0df20b	pmf_evidence
01_computational_discovery/data/raw/pmf/LiD3-Core/NaCl/wham_full.log	01_computational_discovery/umbrella/analysis_archive_20260725/paired_pmf/LiD3-Core/NaCl/wham_full.log	6880705	98ba8a37f84f8ff824ac6d315972ea6e1b03d60ca090f8f304319d9e86ab289a	wham_log
01_computational_discovery/data/raw/pmf/LiD3-Core/paired_qc.tsv	01_computational_discovery/umbrella/analysis_archive_20260725/paired_pmf/LiD3-Core/LiD3-Core_paired_qc.tsv	896	0245aee4d5f6f9bd4b2e37762a63fd3fc24271b505456fb6148345e290dcf600	paired_qc
01_computational_discovery/data/raw/pmf/LiD3-Core/paired_regions.tsv	01_computational_discovery/umbrella/analysis_archive_20260725/paired_pmf/LiD3-Core/paired_regions.tsv	214	b2e773dd5636983cdd9642dac5d55693300fd0ae9d090953b6fe836444651ad0	paired_regions
01_computational_discovery/data/raw/pmf/LiD3-Flex/LiCl/analysis_times.tsv	01_computational_discovery/umbrella/analysis_archive_20260725/paired_pmf/LiD3-Flex/LiCl/analysis_times.tsv	154	99bb2eba7f9ea4e0ec1d94935a67cbd218812023006103fc0db9e39b93567f07	pmf_evidence
01_computational_discovery/data/raw/pmf/LiD3-Flex/LiCl/bootstrap_std.xvg	01_computational_discovery/umbrella/analysis_archive_20260725/paired_pmf/LiD3-Flex/LiCl/bootstrap_std.xvg	8766	81879d273378758df110c9eb865938880949991d35264e22dedd284b220ea643	pmf_evidence
01_computational_discovery/data/raw/pmf/LiD3-Flex/LiCl/histo_full.xvg	01_computational_discovery/umbrella/analysis_archive_20260725/paired_pmf/LiD3-Flex/LiCl/histo_full.xvg	81538	a3aeb7e9754c2c57e0fb5468b46f1639767aded535effc2138eb23a613a8e8e7	pmf_evidence
01_computational_discovery/data/raw/pmf/LiD3-Flex/LiCl/iact_full.xvg	01_computational_discovery/umbrella/analysis_archive_20260725/paired_pmf/LiD3-Flex/LiCl/iact_full.xvg	2023	2a4b0e714704e45be38e8a27505c5150a191424fa502514524547ecedb5084f7	pmf_evidence
01_computational_discovery/data/raw/pmf/LiD3-Flex/LiCl/profile_burnin_12p5.xvg	01_computational_discovery/umbrella/analysis_archive_20260725/paired_pmf/LiD3-Flex/LiCl/profile_burnin_12p5.xvg	6052	e5fd28086ebf2cb220b97f9ac9411eacc199aa1784ac7a6602378c0805f173cc	pmf_evidence
01_computational_discovery/data/raw/pmf/LiD3-Flex/LiCl/profile_burnin_25.xvg	01_computational_discovery/umbrella/analysis_archive_20260725/paired_pmf/LiD3-Flex/LiCl/profile_burnin_25.xvg	6046	361c48fcaac08e3df544add1c663178d2ca6911324c61aeea3be6427995588d0	pmf_evidence
01_computational_discovery/data/raw/pmf/LiD3-Flex/LiCl/profile_full.xvg	01_computational_discovery/umbrella/analysis_archive_20260725/paired_pmf/LiD3-Flex/LiCl/profile_full.xvg	6147	5abe7f89240f2c2bb79bda54a2759fc11ade61a836000d050fe2d8683f1d13d5	pmf_evidence
01_computational_discovery/data/raw/pmf/LiD3-Flex/LiCl/profile_half_early.xvg	01_computational_discovery/umbrella/analysis_archive_20260725/paired_pmf/LiD3-Flex/LiCl/profile_half_early.xvg	6030	9860b218c60a6d9a0d06824709456da5d458daf3c587ab92289a762218171ea8	pmf_evidence
01_computational_discovery/data/raw/pmf/LiD3-Flex/LiCl/profile_half_late.xvg	01_computational_discovery/umbrella/analysis_archive_20260725/paired_pmf/LiD3-Flex/LiCl/profile_half_late.xvg	6030	125cf2b579eecbfc740ffeeca53bb87bf3b6dc7d1413dd904137d56d57274d77	pmf_evidence
01_computational_discovery/data/raw/pmf/LiD3-Flex/LiCl/pullf-files.dat	01_computational_discovery/umbrella/analysis_archive_20260725/paired_pmf/LiD3-Flex/LiCl/pullf-files.dat	3570	d9f1bd4dcc5042fe2f250739eb44dd99338e25d026b6dece3d1a5a88fb3690b1	pmf_evidence
01_computational_discovery/data/raw/pmf/LiD3-Flex/LiCl/tpr-files.dat	01_computational_discovery/umbrella/analysis_archive_20260725/paired_pmf/LiD3-Flex/LiCl/tpr-files.dat	3390	6498d64f8ce7a2f2445367110c79f0ac8fe606d78f40457a071192dd1804a3fd	pmf_evidence
01_computational_discovery/data/raw/pmf/LiD3-Flex/LiCl/wham_full.log	01_computational_discovery/umbrella/analysis_archive_20260725/paired_pmf/LiD3-Flex/LiCl/wham_full.log	6508170	7d7f53ae0d3faae79e791447e6df80514b02914f43593ee9379a76861dfdc5af	wham_log
01_computational_discovery/data/raw/pmf/LiD3-Flex/NaCl/analysis_times.tsv	01_computational_discovery/umbrella/analysis_archive_20260725/paired_pmf/LiD3-Flex/NaCl/analysis_times.tsv	154	99bb2eba7f9ea4e0ec1d94935a67cbd218812023006103fc0db9e39b93567f07	pmf_evidence
01_computational_discovery/data/raw/pmf/LiD3-Flex/NaCl/bootstrap_std.xvg	01_computational_discovery/umbrella/analysis_archive_20260725/paired_pmf/LiD3-Flex/NaCl/bootstrap_std.xvg	8761	995a5aec4edba1726742385e500b3e55e88e445c43a051119fc7cb762981fe90	pmf_evidence
01_computational_discovery/data/raw/pmf/LiD3-Flex/NaCl/histo_full.xvg	01_computational_discovery/umbrella/analysis_archive_20260725/paired_pmf/LiD3-Flex/NaCl/histo_full.xvg	81518	d19c2193668ca9d23a81f9454fb3da2e18ce63dc7ae05b66f20ca119600fbe9f	pmf_evidence
01_computational_discovery/data/raw/pmf/LiD3-Flex/NaCl/iact_full.xvg	01_computational_discovery/umbrella/analysis_archive_20260725/paired_pmf/LiD3-Flex/NaCl/iact_full.xvg	2003	38d24589df6a3b692b34541e5f9a88cbc96876ac9f64fc3e7270657f3423e9d1	pmf_evidence
01_computational_discovery/data/raw/pmf/LiD3-Flex/NaCl/profile_burnin_12p5.xvg	01_computational_discovery/umbrella/analysis_archive_20260725/paired_pmf/LiD3-Flex/NaCl/profile_burnin_12p5.xvg	6057	662ffa650f91992ac7fbc51817bd86c06eebe5046b838bf215d05407f1276b62	pmf_evidence
01_computational_discovery/data/raw/pmf/LiD3-Flex/NaCl/profile_burnin_25.xvg	01_computational_discovery/umbrella/analysis_archive_20260725/paired_pmf/LiD3-Flex/NaCl/profile_burnin_25.xvg	6053	97206b2f62f9fa4d8d0246c09db9b3fd4509bdda00636d2769f6e9c9652d3b08	pmf_evidence
01_computational_discovery/data/raw/pmf/LiD3-Flex/NaCl/profile_full.xvg	01_computational_discovery/umbrella/analysis_archive_20260725/paired_pmf/LiD3-Flex/NaCl/profile_full.xvg	6122	634afa50da8047b7d0acfe632f0b29a33f9ef3d217cad80119a3b0b37f527b21	pmf_evidence
01_computational_discovery/data/raw/pmf/LiD3-Flex/NaCl/profile_half_early.xvg	01_computational_discovery/umbrella/analysis_archive_20260725/paired_pmf/LiD3-Flex/NaCl/profile_half_early.xvg	6065	d4554349a8d7575a5342822a92954961223cd0cc018bb56f3a066dc7ac17cb84	pmf_evidence
01_computational_discovery/data/raw/pmf/LiD3-Flex/NaCl/profile_half_late.xvg	01_computational_discovery/umbrella/analysis_archive_20260725/paired_pmf/LiD3-Flex/NaCl/profile_half_late.xvg	6020	2394c7e0e4c85ec5da363c24a557cecafbf552ee757feb6d1a1f6008543f0206	pmf_evidence
01_computational_discovery/data/raw/pmf/LiD3-Flex/NaCl/pullf-files.dat	01_computational_discovery/umbrella/analysis_archive_20260725/paired_pmf/LiD3-Flex/NaCl/pullf-files.dat	3930	f34a7d37116329ec09f8c6ae5d925c99cea19cc459d5f52f24e05d4d4b4488b3	pmf_evidence
01_computational_discovery/data/raw/pmf/LiD3-Flex/NaCl/tpr-files.dat	01_computational_discovery/umbrella/analysis_archive_20260725/paired_pmf/LiD3-Flex/NaCl/tpr-files.dat	3750	c0ce1be1bbc8fba19eff768ba1bd98afdaee94843933491eaba9a7535d92e2d9	pmf_evidence
01_computational_discovery/data/raw/pmf/LiD3-Flex/NaCl/wham_full.log	01_computational_discovery/umbrella/analysis_archive_20260725/paired_pmf/LiD3-Flex/NaCl/wham_full.log	6127060	39276039d7e759eb05e8f8db0fab7249b3c77fc22c2132619fcdca104604275a	wham_log
01_computational_discovery/data/raw/pmf/LiD3-Flex/paired_qc.tsv	01_computational_discovery/umbrella/analysis_archive_20260725/paired_pmf/LiD3-Flex/LiD3-Flex_paired_qc.tsv	899	e63f0072d0fb2e2fcdc97159b678203fbc6baf6f80bd00bab027bf072fd065d4	paired_qc
01_computational_discovery/data/raw/pmf/LiD3-Flex/paired_regions.tsv	01_computational_discovery/umbrella/analysis_archive_20260725/paired_pmf/LiD3-Flex/paired_regions.tsv	215	2c4cfee8ea7e6c2557c4ab186e2a325f712c1aad11142d7dc859b4ad113825e8	paired_regions
01_computational_discovery/data/raw/pmf/LiDA-1/LiCl/analysis_times.tsv	01_computational_discovery/umbrella/analysis_archive_20260725/paired_pmf/LiDA-1/LiCl/analysis_times.tsv	154	99bb2eba7f9ea4e0ec1d94935a67cbd218812023006103fc0db9e39b93567f07	pmf_evidence
01_computational_discovery/data/raw/pmf/LiDA-1/LiCl/bootstrap_std.xvg	01_computational_discovery/umbrella/analysis_archive_20260725/paired_pmf/LiDA-1/LiCl/bootstrap_std.xvg	8604	b557ddcfe33bd6767937d3c32c41d2e6549af86a7abf00a3df05e0c325cc1f43	pmf_evidence
01_computational_discovery/data/raw/pmf/LiDA-1/LiCl/histo_full.xvg	01_computational_discovery/umbrella/analysis_archive_20260725/paired_pmf/LiDA-1/LiCl/histo_full.xvg	81545	4252d61649760b93749d1da7cbfabd833cdef022a75615109833cc062be6a032	pmf_evidence
01_computational_discovery/data/raw/pmf/LiDA-1/LiCl/iact_full.xvg	01_computational_discovery/umbrella/analysis_archive_20260725/paired_pmf/LiDA-1/LiCl/iact_full.xvg	2030	b87b886eab38383be0fe857292c91051f60decbd34854face7730d51e0200422	pmf_evidence
01_computational_discovery/data/raw/pmf/LiDA-1/LiCl/profile_burnin_12p5.xvg	01_computational_discovery/umbrella/analysis_archive_20260725/paired_pmf/LiDA-1/LiCl/profile_burnin_12p5.xvg	5906	3a4963c82e3cd04458bd3f9858db84a6c9143f0f28442c29e7a825e82ce1afa7	pmf_evidence
01_computational_discovery/data/raw/pmf/LiDA-1/LiCl/profile_burnin_25.xvg	01_computational_discovery/umbrella/analysis_archive_20260725/paired_pmf/LiDA-1/LiCl/profile_burnin_25.xvg	5915	75ec64a052f8ab99c4ed11db3ea2847ed37b19636cdde0176efa26627e56f127	pmf_evidence
01_computational_discovery/data/raw/pmf/LiDA-1/LiCl/profile_full.xvg	01_computational_discovery/umbrella/analysis_archive_20260725/paired_pmf/LiDA-1/LiCl/profile_full.xvg	5999	01f5ee13f0e8ee3c3d2e47bbc826e3f05fd9d9fe5f8e10a51b50a8b41c6d3af0	pmf_evidence
01_computational_discovery/data/raw/pmf/LiDA-1/LiCl/profile_half_early.xvg	01_computational_discovery/umbrella/analysis_archive_20260725/paired_pmf/LiDA-1/LiCl/profile_half_early.xvg	5869	87d637788d172e027a173a1eeaf185875c63fbc0554368af39d1c5bfa8ff8199	pmf_evidence
01_computational_discovery/data/raw/pmf/LiDA-1/LiCl/profile_half_late.xvg	01_computational_discovery/umbrella/analysis_archive_20260725/paired_pmf/LiDA-1/LiCl/profile_half_late.xvg	6056	0079930e99deda80d2c28a6f3a20f3d9ee7924846469621d458b021f293bbee7	pmf_evidence
01_computational_discovery/data/raw/pmf/LiDA-1/LiCl/pullf-files.dat	01_computational_discovery/umbrella/analysis_archive_20260725/paired_pmf/LiDA-1/LiCl/pullf-files.dat	3480	567eedcd3f584f820b49bbba407945596c27da1b3c0c98f60ee16b5796b38922	pmf_evidence
01_computational_discovery/data/raw/pmf/LiDA-1/LiCl/tpr-files.dat	01_computational_discovery/umbrella/analysis_archive_20260725/paired_pmf/LiDA-1/LiCl/tpr-files.dat	3300	23f3bbc2a5cbaa73011f60384005816c4fa15bd439a402cd4a33bc72f6165127	pmf_evidence
01_computational_discovery/data/raw/pmf/LiDA-1/LiCl/wham_full.log	01_computational_discovery/umbrella/analysis_archive_20260725/paired_pmf/LiDA-1/LiCl/wham_full.log	6666459	b360317ac93217187df80fbb8ea10c84dae6d62c5458491399979d2945f75e45	wham_log
01_computational_discovery/data/raw/pmf/LiDA-1/NaCl/analysis_times.tsv	01_computational_discovery/umbrella/analysis_archive_20260725/paired_pmf/LiDA-1/NaCl/analysis_times.tsv	154	99bb2eba7f9ea4e0ec1d94935a67cbd218812023006103fc0db9e39b93567f07	pmf_evidence
01_computational_discovery/data/raw/pmf/LiDA-1/NaCl/bootstrap_std.xvg	01_computational_discovery/umbrella/analysis_archive_20260725/paired_pmf/LiDA-1/NaCl/bootstrap_std.xvg	8763	a472878a0b8303d8dadfbe8651d7d0c7e10476f665a284c5505000722da01449	pmf_evidence
01_computational_discovery/data/raw/pmf/LiDA-1/NaCl/histo_full.xvg	01_computational_discovery/umbrella/analysis_archive_20260725/paired_pmf/LiDA-1/NaCl/histo_full.xvg	81521	faf01f2ae6dafbadfb2b08a59fb6ef16b3f757a96008da69dc6ebfa27bf991fd	pmf_evidence
01_computational_discovery/data/raw/pmf/LiDA-1/NaCl/iact_full.xvg	01_computational_discovery/umbrella/analysis_archive_20260725/paired_pmf/LiDA-1/NaCl/iact_full.xvg	2021	9e4b559bd7964b203a169c15f575835ce7a598444336355c2b6e20a8c15dd6bb	pmf_evidence
01_computational_discovery/data/raw/pmf/LiDA-1/NaCl/profile_burnin_12p5.xvg	01_computational_discovery/umbrella/analysis_archive_20260725/paired_pmf/LiDA-1/NaCl/profile_burnin_12p5.xvg	6059	434542dfd45074fe9b69749f774ba59b75f1d5898a3b469eefd657e591d5acbf	pmf_evidence
01_computational_discovery/data/raw/pmf/LiDA-1/NaCl/profile_burnin_25.xvg	01_computational_discovery/umbrella/analysis_archive_20260725/paired_pmf/LiDA-1/NaCl/profile_burnin_25.xvg	6051	068ac78727aa1f2869d7eac90a57aaa0dc0039ecbc7da8da2eca8d7ee1ceaea4	pmf_evidence
01_computational_discovery/data/raw/pmf/LiDA-1/NaCl/profile_full.xvg	01_computational_discovery/umbrella/analysis_archive_20260725/paired_pmf/LiDA-1/NaCl/profile_full.xvg	6142	b334a6c00b61b92565dda497bc8d5dd9e0e0dc65e834d83d6c164e48dc292c57	pmf_evidence
01_computational_discovery/data/raw/pmf/LiDA-1/NaCl/profile_half_early.xvg	01_computational_discovery/umbrella/analysis_archive_20260725/paired_pmf/LiDA-1/NaCl/profile_half_early.xvg	6052	f757b0e9b2ad014e12474c36f86e344903babd39c3ba8f8bb88e3e6e821a4256	pmf_evidence
01_computational_discovery/data/raw/pmf/LiDA-1/NaCl/profile_half_late.xvg	01_computational_discovery/umbrella/analysis_archive_20260725/paired_pmf/LiDA-1/NaCl/profile_half_late.xvg	6035	db5ae4eba334acfc57106dde169a524014055b12f83573804fcd959fc1e04482	pmf_evidence
01_computational_discovery/data/raw/pmf/LiDA-1/NaCl/pullf-files.dat	01_computational_discovery/umbrella/analysis_archive_20260725/paired_pmf/LiDA-1/NaCl/pullf-files.dat	3840	2f660459188738ce5e5d4fd958c71789f3501f7855fbbad611899974e19c09a6	pmf_evidence
01_computational_discovery/data/raw/pmf/LiDA-1/NaCl/tpr-files.dat	01_computational_discovery/umbrella/analysis_archive_20260725/paired_pmf/LiDA-1/NaCl/tpr-files.dat	3660	726f0ccfcfe7d0d9edef8ef0e9f69808d9c7fae2a171751a306b577aef8d57d6	pmf_evidence
01_computational_discovery/data/raw/pmf/LiDA-1/NaCl/wham_full.log	01_computational_discovery/umbrella/analysis_archive_20260725/paired_pmf/LiDA-1/NaCl/wham_full.log	7257877	1e7ae2a48fd599829d8ef113ef3006676887623ec3c38f69011280ab53e05f51	wham_log
01_computational_discovery/data/raw/pmf/LiDA-1/paired_qc.tsv	01_computational_discovery/umbrella/analysis_archive_20260725/paired_pmf/LiDA-1/LiDA-1_paired_qc.tsv	894	d7c64e4cd4528c2b44d97782811159e7b64edd24d282b9915b69073d6355d8ce	paired_qc
01_computational_discovery/data/raw/pmf/LiDA-1/paired_regions.tsv	01_computational_discovery/umbrella/analysis_archive_20260725/paired_pmf/LiDA-1/paired_regions.tsv	216	e6c944d34da9860c6da5de9c8d8c68ca4673cac8a702e5f32bfc6a58f600462d	paired_regions
01_computational_discovery/data/raw/pmf/LiDS-1/LiCl/analysis_times.tsv	01_computational_discovery/umbrella/analysis_archive_20260725/paired_pmf/LiDS-1/LiCl/analysis_times.tsv	154	99bb2eba7f9ea4e0ec1d94935a67cbd218812023006103fc0db9e39b93567f07	pmf_evidence
01_computational_discovery/data/raw/pmf/LiDS-1/LiCl/bootstrap_std.xvg	01_computational_discovery/umbrella/analysis_archive_20260725/paired_pmf/LiDS-1/LiCl/bootstrap_std.xvg	8576	6d9bd0357158da556f7610179d6c17aedb8111bdba79e33928e0fd30f5559c0b	pmf_evidence
01_computational_discovery/data/raw/pmf/LiDS-1/LiCl/histo_full.xvg	01_computational_discovery/umbrella/analysis_archive_20260725/paired_pmf/LiDS-1/LiCl/histo_full.xvg	81530	494cb929ddc2957e0ab47e183e2e90eb519c07f1dff8fefa24cd3a738a6e42fb	pmf_evidence
01_computational_discovery/data/raw/pmf/LiDS-1/LiCl/iact_full.xvg	01_computational_discovery/umbrella/analysis_archive_20260725/paired_pmf/LiDS-1/LiCl/iact_full.xvg	2015	6382371ee73bb096c475e7c9208693c951c68be8416cea9d19b85873fdccf8ca	pmf_evidence
01_computational_discovery/data/raw/pmf/LiDS-1/LiCl/profile_burnin_12p5.xvg	01_computational_discovery/umbrella/analysis_archive_20260725/paired_pmf/LiDS-1/LiCl/profile_burnin_12p5.xvg	5863	d40c709129fd502c3faacf307b92172bc251b6685c8c3cad301aa78d61d6cf70	pmf_evidence
01_computational_discovery/data/raw/pmf/LiDS-1/LiCl/profile_burnin_25.xvg	01_computational_discovery/umbrella/analysis_archive_20260725/paired_pmf/LiDS-1/LiCl/profile_burnin_25.xvg	5865	79ea489288f1dbd484190355cc0814ff0d7aa2b8de7deda05fa863b0facad812	pmf_evidence
01_computational_discovery/data/raw/pmf/LiDS-1/LiCl/profile_full.xvg	01_computational_discovery/umbrella/analysis_archive_20260725/paired_pmf/LiDS-1/LiCl/profile_full.xvg	5946	a808174129cbfa0ceba58612206d42d4ca01d68972e1bd366d7066e68ad6eaa8	pmf_evidence
01_computational_discovery/data/raw/pmf/LiDS-1/LiCl/profile_half_early.xvg	01_computational_discovery/umbrella/analysis_archive_20260725/paired_pmf/LiDS-1/LiCl/profile_half_early.xvg	5873	eb04c80bf653653c9ffbdc30b7a736b7f293279d4815a290b0acedbfd70ee788	pmf_evidence
01_computational_discovery/data/raw/pmf/LiDS-1/LiCl/profile_half_late.xvg	01_computational_discovery/umbrella/analysis_archive_20260725/paired_pmf/LiDS-1/LiCl/profile_half_late.xvg	5860	a5ccac7093c8d7d4f22b9bdb5e5a676153277d31329576e171843e080c4d9eb0	pmf_evidence
01_computational_discovery/data/raw/pmf/LiDS-1/LiCl/pullf-files.dat	01_computational_discovery/umbrella/analysis_archive_20260725/paired_pmf/LiDS-1/LiCl/pullf-files.dat	3480	acf3238e77e038209d1dd26f6444687d2dc79e1c7a1efe49ff8be849daf3961d	pmf_evidence
01_computational_discovery/data/raw/pmf/LiDS-1/LiCl/tpr-files.dat	01_computational_discovery/umbrella/analysis_archive_20260725/paired_pmf/LiDS-1/LiCl/tpr-files.dat	3300	294b5200189b963e17c849a2e29ce9eb13b6a3555532e10c6c66f826a334ab2c	pmf_evidence
01_computational_discovery/data/raw/pmf/LiDS-1/LiCl/wham_full.log	01_computational_discovery/umbrella/analysis_archive_20260725/paired_pmf/LiDS-1/LiCl/wham_full.log	6492972	389430c2a91af4b6fad8c029496696f72f26caa03e4ef9960de7b79c00db9ec6	wham_log
01_computational_discovery/data/raw/pmf/LiDS-1/NaCl/analysis_times.tsv	01_computational_discovery/umbrella/analysis_archive_20260725/paired_pmf/LiDS-1/NaCl/analysis_times.tsv	154	99bb2eba7f9ea4e0ec1d94935a67cbd218812023006103fc0db9e39b93567f07	pmf_evidence
01_computational_discovery/data/raw/pmf/LiDS-1/NaCl/bootstrap_std.xvg	01_computational_discovery/umbrella/analysis_archive_20260725/paired_pmf/LiDS-1/NaCl/bootstrap_std.xvg	8772	b5b7001c6159baa889a7ad061f77246dacf68e3c8ec76cb8723deca9e3d05b89	pmf_evidence
01_computational_discovery/data/raw/pmf/LiDS-1/NaCl/histo_full.xvg	01_computational_discovery/umbrella/analysis_archive_20260725/paired_pmf/LiDS-1/NaCl/histo_full.xvg	81534	95c184cb38355d7ad845e7a842def262224b7afa131178b5fcf17d362463be18	pmf_evidence
01_computational_discovery/data/raw/pmf/LiDS-1/NaCl/iact_full.xvg	01_computational_discovery/umbrella/analysis_archive_20260725/paired_pmf/LiDS-1/NaCl/iact_full.xvg	2019	5165b13e2e4450bf7bb8ed78513e0b0e20aa27b63cb18b29e0b9f55c5ab53547	pmf_evidence
01_computational_discovery/data/raw/pmf/LiDS-1/NaCl/profile_burnin_12p5.xvg	01_computational_discovery/umbrella/analysis_archive_20260725/paired_pmf/LiDS-1/NaCl/profile_burnin_12p5.xvg	6060	c58c1f6077100cc5cafeed33006ca47af536cded5c72e4ca1c15f3cae6da6308	pmf_evidence
01_computational_discovery/data/raw/pmf/LiDS-1/NaCl/profile_burnin_25.xvg	01_computational_discovery/umbrella/analysis_archive_20260725/paired_pmf/LiDS-1/NaCl/profile_burnin_25.xvg	6055	4497394677dfd93b88e970d7edc12495926e680b1f7efb69a23e44dfab9f6ae6	pmf_evidence
01_computational_discovery/data/raw/pmf/LiDS-1/NaCl/profile_full.xvg	01_computational_discovery/umbrella/analysis_archive_20260725/paired_pmf/LiDS-1/NaCl/profile_full.xvg	6142	a95f43359f8585a000b5634f5c5bb8348100ef72866c959c2178d5fae779f725	pmf_evidence
01_computational_discovery/data/raw/pmf/LiDS-1/NaCl/profile_half_early.xvg	01_computational_discovery/umbrella/analysis_archive_20260725/paired_pmf/LiDS-1/NaCl/profile_half_early.xvg	6055	cf19b67dbfc517ff6ecab73fc28df3305b6ee04fb79137b6d27cb63aecdedaa8	pmf_evidence
01_computational_discovery/data/raw/pmf/LiDS-1/NaCl/profile_half_late.xvg	01_computational_discovery/umbrella/analysis_archive_20260725/paired_pmf/LiDS-1/NaCl/profile_half_late.xvg	6056	6f3d84c2b601e3b4ab7fb166a91b5a92fd873598661c7454c350dd7b5debc86a	pmf_evidence
01_computational_discovery/data/raw/pmf/LiDS-1/NaCl/pullf-files.dat	01_computational_discovery/umbrella/analysis_archive_20260725/paired_pmf/LiDS-1/NaCl/pullf-files.dat	3840	165e330cc349acc004e6516298f20edcb1b9376a30d1324306f38e094851fc3b	pmf_evidence
01_computational_discovery/data/raw/pmf/LiDS-1/NaCl/tpr-files.dat	01_computational_discovery/umbrella/analysis_archive_20260725/paired_pmf/LiDS-1/NaCl/tpr-files.dat	3660	c4d1fa0aee237b6bd9e0d0f78a6098b63a9d9d8139dfb0b524dc953627ac380c	pmf_evidence
01_computational_discovery/data/raw/pmf/LiDS-1/NaCl/wham_full.log	01_computational_discovery/umbrella/analysis_archive_20260725/paired_pmf/LiDS-1/NaCl/wham_full.log	7940511	b9f2df09f5ff0719ad9dd6db876d87f6f0f91e4be59def4b563e6aca3edc777a	wham_log
01_computational_discovery/data/raw/pmf/LiDS-1/paired_qc.tsv	01_computational_discovery/umbrella/analysis_archive_20260725/paired_pmf/LiDS-1/LiDS-1_paired_qc.tsv	893	aace51610686761dc278b345d33fc08ff45bca10720ed2516c704bd312b1e378	paired_qc
01_computational_discovery/data/raw/pmf/LiDS-1/paired_regions.tsv	01_computational_discovery/umbrella/analysis_archive_20260725/paired_pmf/LiDS-1/paired_regions.tsv	211	c17c41193c4d078dc30df6e447461477a8259525bb127554d53e19cff74d146e	paired_regions
01_computational_discovery/data/raw/pmf/LiLC-1/LiCl/analysis_times.tsv	01_computational_discovery/umbrella/analysis_archive_20260725/paired_pmf/LiLC-1/LiCl/analysis_times.tsv	154	99bb2eba7f9ea4e0ec1d94935a67cbd218812023006103fc0db9e39b93567f07	pmf_evidence
01_computational_discovery/data/raw/pmf/LiLC-1/LiCl/bootstrap_std.xvg	01_computational_discovery/umbrella/analysis_archive_20260725/paired_pmf/LiLC-1/LiCl/bootstrap_std.xvg	8754	f5bc282c27673a76c854b17980fbc713d9735f72eb9b5480f3acce154f67491f	pmf_evidence
01_computational_discovery/data/raw/pmf/LiLC-1/LiCl/histo_full.xvg	01_computational_discovery/umbrella/analysis_archive_20260725/paired_pmf/LiLC-1/LiCl/histo_full.xvg	81524	dedb87d8b89029bd9738072ed4fa0d0e3b57026ce55c83d2dce77aad52bf4637	pmf_evidence
01_computational_discovery/data/raw/pmf/LiLC-1/LiCl/iact_full.xvg	01_computational_discovery/umbrella/analysis_archive_20260725/paired_pmf/LiLC-1/LiCl/iact_full.xvg	2009	a2afaea888d5012d40a3fb35f557f1dffa8cff57259a3541af0bfc4d0d26fa74	pmf_evidence
01_computational_discovery/data/raw/pmf/LiLC-1/LiCl/profile_burnin_12p5.xvg	01_computational_discovery/umbrella/analysis_archive_20260725/paired_pmf/LiLC-1/LiCl/profile_burnin_12p5.xvg	6049	080a0faede52e0773819cee7e95e3484738db8aaa81b92c1c070831c545d2d2d	pmf_evidence
01_computational_discovery/data/raw/pmf/LiLC-1/LiCl/profile_burnin_25.xvg	01_computational_discovery/umbrella/analysis_archive_20260725/paired_pmf/LiLC-1/LiCl/profile_burnin_25.xvg	6044	540e031b88d91e32557ec01987497eef3e18b25187b1b85bd3833ff264098b92	pmf_evidence
01_computational_discovery/data/raw/pmf/LiLC-1/LiCl/profile_full.xvg	01_computational_discovery/umbrella/analysis_archive_20260725/paired_pmf/LiLC-1/LiCl/profile_full.xvg	6132	33b8ff9203be5bc7c68dea8efe742b443a349511eadd6a47328b3cc143803944	pmf_evidence
01_computational_discovery/data/raw/pmf/LiLC-1/LiCl/profile_half_early.xvg	01_computational_discovery/umbrella/analysis_archive_20260725/paired_pmf/LiLC-1/LiCl/profile_half_early.xvg	6044	71e4c85b16ad21c8c652206800a42c6ddd283be7a5a94e60561e69f7fe78e4ed	pmf_evidence
01_computational_discovery/data/raw/pmf/LiLC-1/LiCl/profile_half_late.xvg	01_computational_discovery/umbrella/analysis_archive_20260725/paired_pmf/LiLC-1/LiCl/profile_half_late.xvg	6045	8e4543c812dd02b902e9966fe52906c09ce7aa8e9803175b183e66b7c05789aa	pmf_evidence
01_computational_discovery/data/raw/pmf/LiLC-1/LiCl/pullf-files.dat	01_computational_discovery/umbrella/analysis_archive_20260725/paired_pmf/LiLC-1/LiCl/pullf-files.dat	3480	1cdb5d8781b6313e356014a276b3f63965c22e75180e4054d4fae007a0d93531	pmf_evidence
01_computational_discovery/data/raw/pmf/LiLC-1/LiCl/tpr-files.dat	01_computational_discovery/umbrella/analysis_archive_20260725/paired_pmf/LiLC-1/LiCl/tpr-files.dat	3300	c9d12a46be8ce4ae97b3a58104380c53a7200bcfa195067b64419feab4398e83	pmf_evidence
01_computational_discovery/data/raw/pmf/LiLC-1/LiCl/wham_full.log	01_computational_discovery/umbrella/analysis_archive_20260725/paired_pmf/LiLC-1/LiCl/wham_full.log	6548390	bc45a12b25e87e16f0a55f734b351e96ee12aae457f8d9c890d322a5eb2accbc	wham_log
01_computational_discovery/data/raw/pmf/LiLC-1/NaCl/analysis_times.tsv	01_computational_discovery/umbrella/analysis_archive_20260725/paired_pmf/LiLC-1/NaCl/analysis_times.tsv	154	99bb2eba7f9ea4e0ec1d94935a67cbd218812023006103fc0db9e39b93567f07	pmf_evidence
01_computational_discovery/data/raw/pmf/LiLC-1/NaCl/bootstrap_std.xvg	01_computational_discovery/umbrella/analysis_archive_20260725/paired_pmf/LiLC-1/NaCl/bootstrap_std.xvg	8741	afd004f050fbd107d5b73022d0148f40bef1ec9169950bb78260ad5a934635ef	pmf_evidence
01_computational_discovery/data/raw/pmf/LiLC-1/NaCl/histo_full.xvg	01_computational_discovery/umbrella/analysis_archive_20260725/paired_pmf/LiLC-1/NaCl/histo_full.xvg	81537	66ad9b68a895e613c5df90e81b2b6f8b792c8b9b00784ec366cc3c97389f36d0	pmf_evidence
01_computational_discovery/data/raw/pmf/LiLC-1/NaCl/iact_full.xvg	01_computational_discovery/umbrella/analysis_archive_20260725/paired_pmf/LiLC-1/NaCl/iact_full.xvg	2022	b28975ece13f41e0855f56c5b6bbf293a1be1ae8caba5067fd86ee405ae58fa7	pmf_evidence
01_computational_discovery/data/raw/pmf/LiLC-1/NaCl/profile_burnin_12p5.xvg	01_computational_discovery/umbrella/analysis_archive_20260725/paired_pmf/LiLC-1/NaCl/profile_burnin_12p5.xvg	6032	92131155c7bf51133e4f197e600d7230d47dbedf6649bb37558b80c79f8065a3	pmf_evidence
01_computational_discovery/data/raw/pmf/LiLC-1/NaCl/profile_burnin_25.xvg	01_computational_discovery/umbrella/analysis_archive_20260725/paired_pmf/LiLC-1/NaCl/profile_burnin_25.xvg	6057	1bdc557832ec4f2415ef9f5515eb657e1d0a29ca27ba19d8a529fff0bae3bf84	pmf_evidence
01_computational_discovery/data/raw/pmf/LiLC-1/NaCl/profile_full.xvg	01_computational_discovery/umbrella/analysis_archive_20260725/paired_pmf/LiLC-1/NaCl/profile_full.xvg	6146	5a6cbc58421eca5590550548da659e1e9508544afe920b87088e9200d4d0264a	pmf_evidence
01_computational_discovery/data/raw/pmf/LiLC-1/NaCl/profile_half_early.xvg	01_computational_discovery/umbrella/analysis_archive_20260725/paired_pmf/LiLC-1/NaCl/profile_half_early.xvg	6058	84b3b533170c52b05843cf57befd7f394c6bdd4533218f0aece6c7c89c2d615a	pmf_evidence
01_computational_discovery/data/raw/pmf/LiLC-1/NaCl/profile_half_late.xvg	01_computational_discovery/umbrella/analysis_archive_20260725/paired_pmf/LiLC-1/NaCl/profile_half_late.xvg	6064	894461d9f2cc79a1d081c2cff11bbff4b42281e82eb44651833fd6774aaad99f	pmf_evidence
01_computational_discovery/data/raw/pmf/LiLC-1/NaCl/pullf-files.dat	01_computational_discovery/umbrella/analysis_archive_20260725/paired_pmf/LiLC-1/NaCl/pullf-files.dat	3840	4041e64b683d23ea19dd1718b2df3aeaaf8d4e4097f4025ac10e6b9a249ab6ba	pmf_evidence
01_computational_discovery/data/raw/pmf/LiLC-1/NaCl/tpr-files.dat	01_computational_discovery/umbrella/analysis_archive_20260725/paired_pmf/LiLC-1/NaCl/tpr-files.dat	3660	6e2c1ccd6b1519889b005359ad6db711008de1c4b9e300d878d3fcc3fdc778d3	pmf_evidence
01_computational_discovery/data/raw/pmf/LiLC-1/NaCl/wham_full.log	01_computational_discovery/umbrella/analysis_archive_20260725/paired_pmf/LiLC-1/NaCl/wham_full.log	6713464	d53dfd554b6134c9c4b0c58ef24f54309a1e734ee28a6157ffb815216e0e31e8	wham_log
01_computational_discovery/data/raw/pmf/LiLC-1/paired_qc.tsv	01_computational_discovery/umbrella/analysis_archive_20260725/paired_pmf/LiLC-1/LiLC-1_paired_qc.tsv	890	1fb108a82c4bbc3bc94285d8d6376c3aec7bcd40d898e26556d9676a492f4dea	paired_qc
01_computational_discovery/data/raw/pmf/LiLC-1/paired_regions.tsv	01_computational_discovery/umbrella/analysis_archive_20260725/paired_pmf/LiLC-1/paired_regions.tsv	213	6e1c6b9b532a59ca483ddfba57bec95e94091f23719e183197a2ea01d02b85b4	paired_regions
01_computational_discovery/data/raw/pmf/LiN3-Core/LiCl/analysis_times.tsv	01_computational_discovery/umbrella/analysis_archive_20260725/paired_pmf/LiN3-Core/LiCl/analysis_times.tsv	154	99bb2eba7f9ea4e0ec1d94935a67cbd218812023006103fc0db9e39b93567f07	pmf_evidence
01_computational_discovery/data/raw/pmf/LiN3-Core/LiCl/bootstrap_std.xvg	01_computational_discovery/umbrella/analysis_archive_20260725/paired_pmf/LiN3-Core/LiCl/bootstrap_std.xvg	8764	b7c43a18917c226bcf8e564c230abb9930d6f3617fa9c728acf415e6af9f5f74	pmf_evidence
01_computational_discovery/data/raw/pmf/LiN3-Core/LiCl/histo_full.xvg	01_computational_discovery/umbrella/analysis_archive_20260725/paired_pmf/LiN3-Core/LiCl/histo_full.xvg	81527	d69b68b0b3b3a61744483efa7077dcdcfccb8a72478f23c2292c0461f8d75d31	pmf_evidence
01_computational_discovery/data/raw/pmf/LiN3-Core/LiCl/iact_full.xvg	01_computational_discovery/umbrella/analysis_archive_20260725/paired_pmf/LiN3-Core/LiCl/iact_full.xvg	2012	9e76e1f457bbaccb8a8adadd68755ad79704723ae5c57aeac1f7794da28f9354	pmf_evidence
01_computational_discovery/data/raw/pmf/LiN3-Core/LiCl/profile_burnin_12p5.xvg	01_computational_discovery/umbrella/analysis_archive_20260725/paired_pmf/LiN3-Core/LiCl/profile_burnin_12p5.xvg	6057	04d092eb762ba4fa236d7cb8b776e4bdfa30576d7c6a6a937e9d24410b226ed7	pmf_evidence
01_computational_discovery/data/raw/pmf/LiN3-Core/LiCl/profile_burnin_25.xvg	01_computational_discovery/umbrella/analysis_archive_20260725/paired_pmf/LiN3-Core/LiCl/profile_burnin_25.xvg	6051	38544bf89888e21c62404e6edc604a74eb6fa5865c52557af7afae0968b3ac51	pmf_evidence
01_computational_discovery/data/raw/pmf/LiN3-Core/LiCl/profile_full.xvg	01_computational_discovery/umbrella/analysis_archive_20260725/paired_pmf/LiN3-Core/LiCl/profile_full.xvg	6136	3ef2483b643504d9feb3f2471d5212301cadbc2b4b2a902d3f5d2e5dc5e9c0e9	pmf_evidence
01_computational_discovery/data/raw/pmf/LiN3-Core/LiCl/profile_half_early.xvg	01_computational_discovery/umbrella/analysis_archive_20260725/paired_pmf/LiN3-Core/LiCl/profile_half_early.xvg	6057	7abaeeb8b96b5f2362d458b281d1ac03fffb98e864ba39acd92716ba311ae852	pmf_evidence
01_computational_discovery/data/raw/pmf/LiN3-Core/LiCl/profile_half_late.xvg	01_computational_discovery/umbrella/analysis_archive_20260725/paired_pmf/LiN3-Core/LiCl/profile_half_late.xvg	6057	357e421cbb4153b4f5041d352dafb462e4dae49b6fe210ef49b8ae56e725c4b4	pmf_evidence
01_computational_discovery/data/raw/pmf/LiN3-Core/LiCl/pullf-files.dat	01_computational_discovery/umbrella/analysis_archive_20260725/paired_pmf/LiN3-Core/LiCl/pullf-files.dat	3570	4e09017f9b428040361352ebcb0042b70005f9558913a8df6d3d1a21e56240c1	pmf_evidence
01_computational_discovery/data/raw/pmf/LiN3-Core/LiCl/tpr-files.dat	01_computational_discovery/umbrella/analysis_archive_20260725/paired_pmf/LiN3-Core/LiCl/tpr-files.dat	3390	12034bab4b5f624414df281a2a011667c60c75eb877da21518105fafc6f928e6	pmf_evidence
01_computational_discovery/data/raw/pmf/LiN3-Core/LiCl/wham_full.log	01_computational_discovery/umbrella/analysis_archive_20260725/paired_pmf/LiN3-Core/LiCl/wham_full.log	6716281	6d924c31ac9d1cfd1157953584a5970179502e2e7bfb56e67ef043356e6bfe0a	wham_log
01_computational_discovery/data/raw/pmf/LiN3-Core/NaCl/analysis_times.tsv	01_computational_discovery/umbrella/analysis_archive_20260725/paired_pmf/LiN3-Core/NaCl/analysis_times.tsv	154	99bb2eba7f9ea4e0ec1d94935a67cbd218812023006103fc0db9e39b93567f07	pmf_evidence
01_computational_discovery/data/raw/pmf/LiN3-Core/NaCl/bootstrap_std.xvg	01_computational_discovery/umbrella/analysis_archive_20260725/paired_pmf/LiN3-Core/NaCl/bootstrap_std.xvg	8767	20ea16f2abef10451de67209947f8a5cd3630d7016b1cd93ebe8cb269b3c6ae7	pmf_evidence
01_computational_discovery/data/raw/pmf/LiN3-Core/NaCl/histo_full.xvg	01_computational_discovery/umbrella/analysis_archive_20260725/paired_pmf/LiN3-Core/NaCl/histo_full.xvg	81509	e59a848b7b0d5b14f08f254d30f90dece163f2d618e6cc88921d79100d60dc2b	pmf_evidence
01_computational_discovery/data/raw/pmf/LiN3-Core/NaCl/iact_full.xvg	01_computational_discovery/umbrella/analysis_archive_20260725/paired_pmf/LiN3-Core/NaCl/iact_full.xvg	1994	c2844fbb3d63bb87aa9c11e10e0802b43ebb62295a3a584849e8f84e99f6b8d3	pmf_evidence
01_computational_discovery/data/raw/pmf/LiN3-Core/NaCl/profile_burnin_12p5.xvg	01_computational_discovery/umbrella/analysis_archive_20260725/paired_pmf/LiN3-Core/NaCl/profile_burnin_12p5.xvg	6064	0f5bc434741fa90764fda7d29336f5b75f3cc2253933c21aa120de350ccbe458	pmf_evidence
01_computational_discovery/data/raw/pmf/LiN3-Core/NaCl/profile_burnin_25.xvg	01_computational_discovery/umbrella/analysis_archive_20260725/paired_pmf/LiN3-Core/NaCl/profile_burnin_25.xvg	6053	e53f920b5af3385245a5d42268fd67c238469c40e60e5a72f004ddd1238283b2	pmf_evidence
01_computational_discovery/data/raw/pmf/LiN3-Core/NaCl/profile_full.xvg	01_computational_discovery/umbrella/analysis_archive_20260725/paired_pmf/LiN3-Core/NaCl/profile_full.xvg	6113	647e002445986382645c1f938d00309037b617e92de4cc977f7156aeeaf95b81	pmf_evidence
01_computational_discovery/data/raw/pmf/LiN3-Core/NaCl/profile_half_early.xvg	01_computational_discovery/umbrella/analysis_archive_20260725/paired_pmf/LiN3-Core/NaCl/profile_half_early.xvg	6045	77de642d0099e40a4f19c475b5159212a33cfbde0ba90460697655f6328c8804	pmf_evidence
01_computational_discovery/data/raw/pmf/LiN3-Core/NaCl/profile_half_late.xvg	01_computational_discovery/umbrella/analysis_archive_20260725/paired_pmf/LiN3-Core/NaCl/profile_half_late.xvg	6054	caef00d1f0ec9cbc7ec95789c403dbbeb4ecf1b114f9ee109b1a2bde5209b7d7	pmf_evidence
01_computational_discovery/data/raw/pmf/LiN3-Core/NaCl/pullf-files.dat	01_computational_discovery/umbrella/analysis_archive_20260725/paired_pmf/LiN3-Core/NaCl/pullf-files.dat	3930	ae046224d23744b094422d92029b8ce1aadd64e6f1b43761fefb3705d7ca611d	pmf_evidence
01_computational_discovery/data/raw/pmf/LiN3-Core/NaCl/tpr-files.dat	01_computational_discovery/umbrella/analysis_archive_20260725/paired_pmf/LiN3-Core/NaCl/tpr-files.dat	3750	0b50cfe15d048884596f7c0434db4db2cb8201c153b54bdf0cbc697ee495c795	pmf_evidence
01_computational_discovery/data/raw/pmf/LiN3-Core/NaCl/wham_full.log	01_computational_discovery/umbrella/analysis_archive_20260725/paired_pmf/LiN3-Core/NaCl/wham_full.log	7111096	98b02110fdd8d1c836241635fb34f809f6a5053bfafe890f3b112e4f86410e01	wham_log
01_computational_discovery/data/raw/pmf/LiN3-Core/paired_qc.tsv	01_computational_discovery/umbrella/analysis_archive_20260725/paired_pmf/LiN3-Core/LiN3-Core_paired_qc.tsv	894	df4efff01d27779a0b3f9bc16b77434b5b293988b132bf2e34a73b61e7e7e6b3	paired_qc
01_computational_discovery/data/raw/pmf/LiN3-Core/paired_regions.tsv	01_computational_discovery/umbrella/analysis_archive_20260725/paired_pmf/LiN3-Core/paired_regions.tsv	214	732e801218fe8636efca26a5969bb17ee7652be8b48e26b0727312f35ceeb6a2	paired_regions
01_computational_discovery/data/raw/pmf/LiND-Hybrid/LiCl/analysis_times.tsv	01_computational_discovery/umbrella/analysis_archive_20260725/paired_pmf/LiND-Hybrid/LiCl/analysis_times.tsv	154	99bb2eba7f9ea4e0ec1d94935a67cbd218812023006103fc0db9e39b93567f07	pmf_evidence
01_computational_discovery/data/raw/pmf/LiND-Hybrid/LiCl/bootstrap_std.xvg	01_computational_discovery/umbrella/analysis_archive_20260725/paired_pmf/LiND-Hybrid/LiCl/bootstrap_std.xvg	8610	7edbbf60008981ca93c5c3038e7d2b24c4df66a26e9db2b182fe5477e9a72708	pmf_evidence
01_computational_discovery/data/raw/pmf/LiND-Hybrid/LiCl/histo_full.xvg	01_computational_discovery/umbrella/analysis_archive_20260725/paired_pmf/LiND-Hybrid/LiCl/histo_full.xvg	81548	6d8ad41cd2b547f0d6919734aa3e38e4a028d1fe7a05e792ae45defcee25f25a	pmf_evidence
01_computational_discovery/data/raw/pmf/LiND-Hybrid/LiCl/iact_full.xvg	01_computational_discovery/umbrella/analysis_archive_20260725/paired_pmf/LiND-Hybrid/LiCl/iact_full.xvg	2033	24ae0585023a698df006c73ab76bc097de6992c952211278bf2e90168b8418e1	pmf_evidence
01_computational_discovery/data/raw/pmf/LiND-Hybrid/LiCl/profile_burnin_12p5.xvg	01_computational_discovery/umbrella/analysis_archive_20260725/paired_pmf/LiND-Hybrid/LiCl/profile_burnin_12p5.xvg	6046	539bea555c584d6e0c75d904713032d9c4799bcf438b94f9ec6e769fb147ea94	pmf_evidence
01_computational_discovery/data/raw/pmf/LiND-Hybrid/LiCl/profile_burnin_25.xvg	01_computational_discovery/umbrella/analysis_archive_20260725/paired_pmf/LiND-Hybrid/LiCl/profile_burnin_25.xvg	6043	1069befeceb63dbd84457b4f53d7a07d45df5b593c766b748f41a4aceedddc67	pmf_evidence
01_computational_discovery/data/raw/pmf/LiND-Hybrid/LiCl/profile_full.xvg	01_computational_discovery/umbrella/analysis_archive_20260725/paired_pmf/LiND-Hybrid/LiCl/profile_full.xvg	6097	a312d67fbc8b2f3c07b07150ad4f206195b619e634766df79e59bcc565d9de37	pmf_evidence
01_computational_discovery/data/raw/pmf/LiND-Hybrid/LiCl/profile_half_early.xvg	01_computational_discovery/umbrella/analysis_archive_20260725/paired_pmf/LiND-Hybrid/LiCl/profile_half_early.xvg	6048	1e26c0fa97f9b227a03ffb975da17241883a4f62a5fabc8ccddd372a0743a84a	pmf_evidence
01_computational_discovery/data/raw/pmf/LiND-Hybrid/LiCl/profile_half_late.xvg	01_computational_discovery/umbrella/analysis_archive_20260725/paired_pmf/LiND-Hybrid/LiCl/profile_half_late.xvg	6013	a3619fde61c28cacf2ca3020891666c5579630b4be8d1d996728786b2fcdfa6f	pmf_evidence
01_computational_discovery/data/raw/pmf/LiND-Hybrid/LiCl/pullf-files.dat	01_computational_discovery/umbrella/analysis_archive_20260725/paired_pmf/LiND-Hybrid/LiCl/pullf-files.dat	3630	65979ee04d0e0c7cae1705f375d20d4627250c1515f9df20ec7add1121480294	pmf_evidence
01_computational_discovery/data/raw/pmf/LiND-Hybrid/LiCl/tpr-files.dat	01_computational_discovery/umbrella/analysis_archive_20260725/paired_pmf/LiND-Hybrid/LiCl/tpr-files.dat	3450	4375392682890cb88e0eb6f5a3b79ca941c300732bd906e0df09c87385948437	pmf_evidence
01_computational_discovery/data/raw/pmf/LiND-Hybrid/LiCl/wham_full.log	01_computational_discovery/umbrella/analysis_archive_20260725/paired_pmf/LiND-Hybrid/LiCl/wham_full.log	6681693	560d01efbea3aa7ac0a516f18bf359a5f132566221ce65112fc9b7f44a54b316	wham_log
01_computational_discovery/data/raw/pmf/LiND-Hybrid/NaCl/analysis_times.tsv	01_computational_discovery/umbrella/analysis_archive_20260725/paired_pmf/LiND-Hybrid/NaCl/analysis_times.tsv	154	99bb2eba7f9ea4e0ec1d94935a67cbd218812023006103fc0db9e39b93567f07	pmf_evidence
01_computational_discovery/data/raw/pmf/LiND-Hybrid/NaCl/bootstrap_std.xvg	01_computational_discovery/umbrella/analysis_archive_20260725/paired_pmf/LiND-Hybrid/NaCl/bootstrap_std.xvg	8763	ddfbef1aab61e2d52533b3907b21bec2696cd31a2509f2e217b6d3a1b8eba430	pmf_evidence
01_computational_discovery/data/raw/pmf/LiND-Hybrid/NaCl/histo_full.xvg	01_computational_discovery/umbrella/analysis_archive_20260725/paired_pmf/LiND-Hybrid/NaCl/histo_full.xvg	81534	e2f03eb5a18828f228c1cf089c882be820cc5611d9f39b44912c06654b6f046b	pmf_evidence
01_computational_discovery/data/raw/pmf/LiND-Hybrid/NaCl/iact_full.xvg	01_computational_discovery/umbrella/analysis_archive_20260725/paired_pmf/LiND-Hybrid/NaCl/iact_full.xvg	2019	b77a6cbd6ce16d9ba6f09c1770b0917203222d327ffafe7fc8bd185364060aad	pmf_evidence
01_computational_discovery/data/raw/pmf/LiND-Hybrid/NaCl/profile_burnin_12p5.xvg	01_computational_discovery/umbrella/analysis_archive_20260725/paired_pmf/LiND-Hybrid/NaCl/profile_burnin_12p5.xvg	6052	4316150b013798dffc25352281101070f226a1fb28e4e002c2a32fc6d9a1325b	pmf_evidence
01_computational_discovery/data/raw/pmf/LiND-Hybrid/NaCl/profile_burnin_25.xvg	01_computational_discovery/umbrella/analysis_archive_20260725/paired_pmf/LiND-Hybrid/NaCl/profile_burnin_25.xvg	6061	6fa2b1bbc82aa33a5d913c5747a1372429ad509ea72f5a95950a7ed8641b4df5	pmf_evidence
01_computational_discovery/data/raw/pmf/LiND-Hybrid/NaCl/profile_full.xvg	01_computational_discovery/umbrella/analysis_archive_20260725/paired_pmf/LiND-Hybrid/NaCl/profile_full.xvg	6142	c306987e9b4b7aafbadccdd0574a4d590661d2ad72b7623695170b8326ff84e4	pmf_evidence
01_computational_discovery/data/raw/pmf/LiND-Hybrid/NaCl/profile_half_early.xvg	01_computational_discovery/umbrella/analysis_archive_20260725/paired_pmf/LiND-Hybrid/NaCl/profile_half_early.xvg	6061	f5b97c2dd505a4026307245779fd56cd46b1d8501a16b122d38f84b4756ad8aa	pmf_evidence
01_computational_discovery/data/raw/pmf/LiND-Hybrid/NaCl/profile_half_late.xvg	01_computational_discovery/umbrella/analysis_archive_20260725/paired_pmf/LiND-Hybrid/NaCl/profile_half_late.xvg	6077	f2247209daf7cf48eccbb09028a85c2df91f6dfb2851304e013f18d32e8312fc	pmf_evidence
01_computational_discovery/data/raw/pmf/LiND-Hybrid/NaCl/pullf-files.dat	01_computational_discovery/umbrella/analysis_archive_20260725/paired_pmf/LiND-Hybrid/NaCl/pullf-files.dat	3990	7ce4fb21d103d9e6976dac47d7e2fa1cc587986e03c5ad78645131de698d3c78	pmf_evidence
01_computational_discovery/data/raw/pmf/LiND-Hybrid/NaCl/tpr-files.dat	01_computational_discovery/umbrella/analysis_archive_20260725/paired_pmf/LiND-Hybrid/NaCl/tpr-files.dat	3810	d5e66396115e6f1b92b9961c66eb343ac03d2d4fa8d77ec3c04c1dc1f88dd321	pmf_evidence
01_computational_discovery/data/raw/pmf/LiND-Hybrid/NaCl/wham_full.log	01_computational_discovery/umbrella/analysis_archive_20260725/paired_pmf/LiND-Hybrid/NaCl/wham_full.log	6723426	ea486575e90d26958d10e603d1fdbe701f2c47dace8cef6d4e2abb824aaeee2e	wham_log
01_computational_discovery/data/raw/pmf/LiND-Hybrid/paired_qc.tsv	01_computational_discovery/umbrella/analysis_archive_20260725/paired_pmf/LiND-Hybrid/LiND-Hybrid_paired_qc.tsv	898	8b8c938c8051adb4b9686bcac8e001635723b998b852214a9285fc2fe1ac2dd3	paired_qc
01_computational_discovery/data/raw/pmf/LiND-Hybrid/paired_regions.tsv	01_computational_discovery/umbrella/analysis_archive_20260725/paired_pmf/LiND-Hybrid/paired_regions.tsv	217	31f2ccec7e1e982592d1acb48d4f468b9488d976f902a832db687a2ab3aac69b	paired_regions
01_computational_discovery/data/raw/pmf/summary/delta_g_summary.tsv	01_computational_discovery/umbrella/analysis_archive_20260725/paired_pmf/delta_g_summary.tsv	1543	757e58687d088b01c53cbf8f25d0fc55a9c3d48b09dd905094737ae0f4f30fdd	condition_summary
01_computational_discovery/data/raw/pmf/summary/selectivity_summary.tsv	01_computational_discovery/umbrella/analysis_archive_20260725/paired_pmf/selectivity_summary.tsv	2474	986bf8700bdfe7443362b181357d2cd01fd0febba3338f8e9ddc8ab95a7b4889	selectivity_summary
