candidate	ion	ion_resname	ready	manifest_status	rep_pdb	prod_xtc	prod_tpr	prod_gro	full_rep_gro	topol	rep_path	topol_path	full_rep_path
LiD3-Core	li_cl	LI	BLOCKED_SITE_LOCK	PROPOSED_REQUIRES_RECONSTRUCTION	Y	N	N	Y	N	Y	/Users/jackylin/Documents/GitHub/LiSPER/01_computational_discovery/md/li_cl/remote_results/systems/LiD3-Core/gromacs/cluster_20ns/representative_top_cluster.pdb	/Users/jackylin/Documents/GitHub/LiSPER/01_computational_discovery/md/li_cl/remote_results/systems/LiD3-Core/gromacs/topol_clean_attempt1.top	
LiD3-Core	na_cl	SOD	BLOCKED_SITE_LOCK	PROPOSED_REQUIRES_RECONSTRUCTION	Y	N	N	N	N	N	/Users/jackylin/Documents/GitHub/LiSPER/01_computational_discovery/md/na_cl/remote_results/systems/LiD3-Core/gromacs/cluster_20ns/representative_top_cluster.pdb		
LiD3-Flex	li_cl	LI	BLOCKED_SITE_LOCK	PROPOSED_REQUIRES_RECONSTRUCTION	Y	N	N	Y	N	Y	/Users/jackylin/Documents/GitHub/LiSPER/01_computational_discovery/md/li_cl/remote_results/systems/LiD3-Flex/gromacs/cluster_20ns/representative_top_cluster.pdb	/Users/jackylin/Documents/GitHub/LiSPER/01_computational_discovery/md/li_cl/remote_results/systems/LiD3-Flex/gromacs/topol_clean_attempt1.top	
LiD3-Flex	na_cl	SOD	BLOCKED_SITE_LOCK	PROPOSED_REQUIRES_RECONSTRUCTION	Y	N	N	Y	N	N	/Users/jackylin/Documents/GitHub/LiSPER/01_computational_discovery/md/na_cl/remote_results/systems/LiD3-Flex/gromacs/cluster_20ns/representative_top_cluster.pdb		
LiND-Hybrid	li_cl	LI	BLOCKED_SITE_LOCK	PROPOSED_REQUIRES_RECONSTRUCTION	Y	N	N	Y	N	Y	/Users/jackylin/Documents/GitHub/LiSPER/01_computational_discovery/md/li_cl/remote_results/systems/LiND-Hybrid/gromacs/cluster_20ns/representative_top_cluster.pdb	/Users/jackylin/Documents/GitHub/LiSPER/01_computational_discovery/md/li_cl/remote_results/systems/LiND-Hybrid/gromacs/topol_cleaned_for_prod.top	
LiND-Hybrid	na_cl	SOD	BLOCKED_SITE_LOCK	PROPOSED_REQUIRES_RECONSTRUCTION	N	N	N	N	N	N			
LiLC-1	li_cl	LI	BLOCKED_SITE_LOCK	PROPOSED_REQUIRES_RECONSTRUCTION	Y	N	N	Y	N	Y	/Users/jackylin/Documents/GitHub/LiSPER/01_computational_discovery/md/li_cl/remote_results/systems/LiLC-1/gromacs/cluster_20ns/representative_top_cluster.pdb	/Users/jackylin/Documents/GitHub/LiSPER/01_computational_discovery/md/li_cl/remote_results/systems/LiLC-1/gromacs/topol_clean_attempt1.top	
LiLC-1	na_cl	SOD	BLOCKED_SITE_LOCK	PROPOSED_REQUIRES_RECONSTRUCTION	Y	N	N	N	N	N	/Users/jackylin/Documents/GitHub/LiSPER/01_computational_discovery/md/na_cl/remote_results/systems/LiLC-1/gromacs/cluster_20ns/representative_top_cluster.pdb		
LiDS-1	li_cl	LI	BLOCKED_SITE_LOCK	PROPOSED_REQUIRES_RECONSTRUCTION	Y	N	N	Y	N	Y	/Users/jackylin/Documents/GitHub/LiSPER/01_computational_discovery/md/li_cl/remote_results/systems/LiDS-1/gromacs/cluster_20ns/representative_top_cluster.pdb	/Users/jackylin/Documents/GitHub/LiSPER/01_computational_discovery/md/li_cl/remote_results/systems/LiDS-1/gromacs/topol_cleaned_for_prod.top	
LiDS-1	na_cl	SOD	BLOCKED_SITE_LOCK	PROPOSED_REQUIRES_RECONSTRUCTION	Y	N	N	N	N	N	/Users/jackylin/Documents/GitHub/LiSPER/01_computational_discovery/md/na_cl/remote_results/systems/LiDS-1/gromacs/cluster_20ns/representative_top_cluster.pdb		
LiDA-1	li_cl	LI	BLOCKED_SITE_LOCK	PROPOSED_REQUIRES_RECONSTRUCTION	Y	N	N	Y	N	Y	/Users/jackylin/Documents/GitHub/LiSPER/01_computational_discovery/md/li_cl/remote_results/systems/LiDA-1/gromacs/cluster_20ns/representative_top_cluster.pdb	/Users/jackylin/Documents/GitHub/LiSPER/01_computational_discovery/md/li_cl/remote_results/systems/LiDA-1/gromacs/topol_cleaned_for_prod.top	
LiDA-1	na_cl	SOD	BLOCKED_SITE_LOCK	PROPOSED_REQUIRES_RECONSTRUCTION	Y	N	N	Y	N	Y	/Users/jackylin/Documents/GitHub/LiSPER/01_computational_discovery/md/na_cl/remote_results/systems/LiDA-1/gromacs/cluster_20ns/representative_top_cluster.pdb	/Users/jackylin/Documents/GitHub/LiSPER/01_computational_discovery/md/na_cl/remote_results/systems/LiDA-1/gromacs/topol_cleaned_for_prod.top	
LiN3-Core	li_cl	LI	BLOCKED_SITE_LOCK	PROPOSED_REQUIRES_RECONSTRUCTION	Y	N	N	Y	N	Y	/Users/jackylin/Documents/GitHub/LiSPER/01_computational_discovery/md/li_cl/remote_results/systems/LiN3-Core/gromacs/cluster_20ns/representative_top_cluster.pdb	/Users/jackylin/Documents/GitHub/LiSPER/01_computational_discovery/md/li_cl/remote_results/systems/LiN3-Core/gromacs/topol_clean_attempt1.top	
LiN3-Core	na_cl	SOD	BLOCKED_SITE_LOCK	PROPOSED_REQUIRES_RECONSTRUCTION	N	N	N	N	N	N			
LiA3-Ref	li_cl	LI	BLOCKED_SITE_LOCK	PROPOSED_REQUIRES_RECONSTRUCTION	Y	N	N	Y	N	Y	/Users/jackylin/Documents/GitHub/LiSPER/01_computational_discovery/md/li_cl/remote_results/systems/LiA3-Ref/gromacs/cluster_20ns/representative_top_cluster.pdb	/Users/jackylin/Documents/GitHub/LiSPER/01_computational_discovery/md/li_cl/remote_results/systems/LiA3-Ref/gromacs/topol_cleaned_for_prod.top	
LiA3-Ref	na_cl	SOD	BLOCKED_SITE_LOCK	PROPOSED_REQUIRES_RECONSTRUCTION	Y	N	N	N	N	N	/Users/jackylin/Documents/GitHub/LiSPER/01_computational_discovery/md/na_cl/remote_results/systems/LiA3-Ref/gromacs/cluster_20ns/representative_top_cluster.pdb		
