ion	candidate	window	file	bytes	verification
LiCl	LiLC-1	window_001_0.58nm	umbrella_eq.xtc	79902896	finished_mdrun+final_gro+critical_sha256
LiCl	LiLC-1	window_001_0.58nm	umbrella.xtc	319130640	finished_mdrun+final_gro+critical_sha256
LiCl	LiLC-1	window_003_0.73nm	umbrella_eq.xtc	79903336	finished_mdrun+final_gro+critical_sha256
LiCl	LiLC-1	window_003_0.73nm	umbrella.xtc	319134956	finished_mdrun+final_gro+critical_sha256
LiCl	LiLC-1	window_000_0.51nm	umbrella_eq.xtc	79903620	finished_mdrun+final_gro+critical_sha256
LiCl	LiLC-1	window_000_0.51nm	umbrella.xtc	319135192	finished_mdrun+final_gro+critical_sha256
LiCl	LiLC-1	window_002_0.66nm	umbrella_eq.xtc	79903420	finished_mdrun+final_gro+critical_sha256
LiCl	LiLC-1	window_002_0.66nm	umbrella.xtc	319134500	finished_mdrun+final_gro+critical_sha256
LiCl	LiD3-Flex	window_010_1.00nm	umbrella_eq.xtc	123995568	finished_mdrun+final_gro+critical_sha256
LiCl	LiD3-Flex	window_010_1.00nm	umbrella.xtc	495236936	finished_mdrun+final_gro+critical_sha256
LiCl	LiD3-Flex	window_014_1.30nm	umbrella_eq.xtc	123994520	finished_mdrun+final_gro+critical_sha256
LiCl	LiD3-Flex	window_014_1.30nm	umbrella.xtc	495235984	finished_mdrun+final_gro+critical_sha256
LiCl	LiD3-Flex	window_012_1.15nm	umbrella_eq.xtc	123994516	finished_mdrun+final_gro+critical_sha256
LiCl	LiD3-Flex	window_012_1.15nm	umbrella.xtc	495237272	finished_mdrun+final_gro+critical_sha256
LiCl	LiD3-Flex	window_006_0.70nm	umbrella_eq.xtc	123993232	finished_mdrun+final_gro+critical_sha256
LiCl	LiD3-Flex	window_006_0.70nm	umbrella.xtc	495232676	finished_mdrun+final_gro+critical_sha256
LiCl	LiD3-Flex	window_020_1.75nm	umbrella_eq.xtc	123995196	finished_mdrun+final_gro+critical_sha256
LiCl	LiD3-Flex	window_020_1.75nm	umbrella.xtc	495237416	finished_mdrun+final_gro+critical_sha256
LiCl	LiD3-Flex	window_000_0.25nm	umbrella_eq.xtc	123993540	finished_mdrun+final_gro+critical_sha256
LiCl	LiD3-Flex	window_000_0.25nm	umbrella.xtc	495236784	finished_mdrun+final_gro+critical_sha256
LiCl	LiD3-Flex	window_023_1.98nm	umbrella_eq.xtc	123994672	finished_mdrun+final_gro+critical_sha256
LiCl	LiD3-Flex	window_023_1.98nm	umbrella.xtc	495234676	finished_mdrun+final_gro+critical_sha256
LiCl	LiD3-Flex	window_002_0.40nm	umbrella_eq.xtc	123993932	finished_mdrun+final_gro+critical_sha256
LiCl	LiD3-Flex	window_002_0.40nm	umbrella.xtc	495235224	finished_mdrun+final_gro+critical_sha256
LiCl	LiD3-Flex	window_022_1.90nm	umbrella_eq.xtc	123994572	finished_mdrun+final_gro+critical_sha256
LiCl	LiD3-Flex	window_022_1.90nm	umbrella.xtc	495235160	finished_mdrun+final_gro+critical_sha256
LiCl	LiD3-Flex	window_013_1.23nm	umbrella_eq.xtc	123995424	finished_mdrun+final_gro+critical_sha256
LiCl	LiD3-Flex	window_013_1.23nm	umbrella.xtc	495236124	finished_mdrun+final_gro+critical_sha256
LiCl	LiD3-Flex	window_021_1.83nm	umbrella_eq.xtc	123994440	finished_mdrun+final_gro+critical_sha256
LiCl	LiD3-Flex	window_021_1.83nm	umbrella.xtc	495235988	finished_mdrun+final_gro+critical_sha256
LiCl	LiD3-Flex	window_005_0.63nm	umbrella_eq.xtc	123994044	finished_mdrun+final_gro+critical_sha256
LiCl	LiD3-Flex	window_005_0.63nm	umbrella.xtc	495234520	finished_mdrun+final_gro+critical_sha256
LiCl	LiD3-Flex	window_003_0.48nm	umbrella_eq.xtc	123994072	finished_mdrun+final_gro+critical_sha256
LiCl	LiD3-Flex	window_003_0.48nm	umbrella.xtc	495234012	finished_mdrun+final_gro+critical_sha256
LiCl	LiD3-Flex	window_001_0.33nm	umbrella_eq.xtc	123993440	finished_mdrun+final_gro+critical_sha256
LiCl	LiD3-Flex	window_001_0.33nm	umbrella.xtc	495232268	finished_mdrun+final_gro+critical_sha256
LiCl	LiD3-Flex	window_024_2.05nm	umbrella_eq.xtc	123994864	finished_mdrun+final_gro+critical_sha256
LiCl	LiD3-Flex	window_024_2.05nm	umbrella.xtc	495235392	finished_mdrun+final_gro+critical_sha256
LiCl	LiD3-Flex	window_004_0.55nm	umbrella_eq.xtc	123993756	finished_mdrun+final_gro+critical_sha256
LiCl	LiD3-Flex	window_004_0.55nm	umbrella.xtc	495237116	finished_mdrun+final_gro+critical_sha256
LiCl	LiD3-Flex	window_011_1.08nm	umbrella_eq.xtc	123995304	finished_mdrun+final_gro+critical_sha256
LiCl	LiD3-Flex	window_011_1.08nm	umbrella.xtc	495234216	finished_mdrun+final_gro+critical_sha256
LiCl	LiD3-Flex	window_007_0.78nm	umbrella_eq.xtc	123994284	finished_mdrun+final_gro+critical_sha256
LiCl	LiD3-Flex	window_007_0.78nm	umbrella.xtc	495234404	finished_mdrun+final_gro+critical_sha256
LiCl	LiD3-Flex	window_009_0.93nm	umbrella_eq.xtc	123993528	finished_mdrun+final_gro+critical_sha256
LiCl	LiD3-Flex	window_009_0.93nm	umbrella.xtc	495233784	finished_mdrun+final_gro+critical_sha256
LiCl	LiD3-Flex	window_008_0.85nm	umbrella_eq.xtc	123993764	finished_mdrun+final_gro+critical_sha256
LiCl	LiD3-Flex	window_008_0.85nm	umbrella.xtc	495235764	finished_mdrun+final_gro+critical_sha256
LiCl	LiD3-Flex	window_015_1.38nm	umbrella_eq.xtc	123994648	finished_mdrun+final_gro+critical_sha256
LiCl	LiD3-Flex	window_015_1.38nm	umbrella.xtc	495235812	finished_mdrun+final_gro+critical_sha256
LiCl	LiND-Hybrid	window_001_0.61nm	umbrella_eq.xtc	124044512	finished_mdrun+final_gro+critical_sha256
LiCl	LiND-Hybrid	window_001_0.61nm	umbrella.xtc	495435180	finished_mdrun+final_gro+critical_sha256
LiCl	LiND-Hybrid	window_000_0.54nm	umbrella_eq.xtc	124044012	finished_mdrun+final_gro+critical_sha256
LiCl	LiND-Hybrid	window_000_0.54nm	umbrella.xtc	495433356	finished_mdrun+final_gro+critical_sha256
LiCl	LiDA-1	window_020_1.63nm	umbrella_eq.xtc	35483964	finished_mdrun+final_gro+critical_sha256
LiCl	LiDA-1	window_020_1.63nm	umbrella.xtc	141724988	finished_mdrun+final_gro+critical_sha256
LiCl	LiDA-1	window_021_1.70nm	umbrella_eq.xtc	35484052	finished_mdrun+final_gro+critical_sha256
LiCl	LiDA-1	window_021_1.70nm	umbrella.xtc	141723804	finished_mdrun+final_gro+critical_sha256
LiCl	LiDA-1	window_018_1.48nm	umbrella_eq.xtc	35483708	finished_mdrun+final_gro+critical_sha256
LiCl	LiDA-1	window_018_1.48nm	umbrella.xtc	141723424	finished_mdrun+final_gro+critical_sha256
LiCl	LiDA-1	window_024_1.93nm	umbrella_eq.xtc	35482888	finished_mdrun+final_gro+critical_sha256
LiCl	LiDA-1	window_024_1.93nm	umbrella.xtc	141722080	finished_mdrun+final_gro+critical_sha256
LiCl	LiDA-1	window_016_1.33nm	umbrella_eq.xtc	35484600	finished_mdrun+final_gro+critical_sha256
LiCl	LiDA-1	window_016_1.33nm	umbrella.xtc	141723312	finished_mdrun+final_gro+critical_sha256
LiCl	LiDA-1	window_026_2.08nm	umbrella_eq.xtc	35483632	finished_mdrun+final_gro+critical_sha256
LiCl	LiDA-1	window_026_2.08nm	umbrella.xtc	141722664	finished_mdrun+final_gro+critical_sha256
LiCl	LiDA-1	window_019_1.55nm	umbrella_eq.xtc	35484084	finished_mdrun+final_gro+critical_sha256
LiCl	LiDA-1	window_019_1.55nm	umbrella.xtc	141724452	finished_mdrun+final_gro+critical_sha256
LiCl	LiDA-1	window_015_1.25nm	umbrella_eq.xtc	35483664	finished_mdrun+final_gro+critical_sha256
LiCl	LiDA-1	window_015_1.25nm	umbrella.xtc	141723692	finished_mdrun+final_gro+critical_sha256
LiCl	LiDA-1	window_023_1.85nm	umbrella_eq.xtc	35484008	finished_mdrun+final_gro+critical_sha256
LiCl	LiDA-1	window_023_1.85nm	umbrella.xtc	141724608	finished_mdrun+final_gro+critical_sha256
LiCl	LiDA-1	window_022_1.78nm	umbrella_eq.xtc	35482992	finished_mdrun+final_gro+critical_sha256
LiCl	LiDA-1	window_022_1.78nm	umbrella.xtc	141724768	finished_mdrun+final_gro+critical_sha256
LiCl	LiDA-1	window_025_2.00nm	umbrella_eq.xtc	35483112	finished_mdrun+final_gro+critical_sha256
LiCl	LiDA-1	window_025_2.00nm	umbrella.xtc	141723436	finished_mdrun+final_gro+critical_sha256
LiCl	LiDA-1	window_017_1.40nm	umbrella_eq.xtc	35485132	finished_mdrun+final_gro+critical_sha256
LiCl	LiDA-1	window_017_1.40nm	umbrella.xtc	141725020	finished_mdrun+final_gro+critical_sha256
LiCl	LiD3-Core	window_012_0.98nm	umbrella_eq.xtc	79956192	finished_mdrun+final_gro+critical_sha256
LiCl	LiD3-Core	window_012_0.98nm	umbrella.xtc	319348308	finished_mdrun+final_gro+critical_sha256
LiCl	LiD3-Core	window_011_0.91nm	umbrella_eq.xtc	79956304	finished_mdrun+final_gro+critical_sha256
LiCl	LiD3-Core	window_011_0.91nm	umbrella.xtc	319348540	finished_mdrun+final_gro+critical_sha256
LiCl	LiD3-Core	window_007_0.61nm	umbrella_eq.xtc	79956500	finished_mdrun+final_gro+critical_sha256
LiCl	LiD3-Core	window_007_0.61nm	umbrella.xtc	319346768	finished_mdrun+final_gro+critical_sha256
LiCl	LiD3-Core	window_000_0.08nm	umbrella_eq.xtc	79956836	finished_mdrun+final_gro+critical_sha256
LiCl	LiD3-Core	window_000_0.08nm	umbrella.xtc	319345988	finished_mdrun+final_gro+critical_sha256
LiCl	LiD3-Core	window_013_1.06nm	umbrella_eq.xtc	79956508	finished_mdrun+final_gro+critical_sha256
LiCl	LiD3-Core	window_013_1.06nm	umbrella.xtc	319348468	finished_mdrun+final_gro+critical_sha256
LiCl	LiD3-Core	window_005_0.46nm	umbrella_eq.xtc	79957160	finished_mdrun+final_gro+critical_sha256
LiCl	LiD3-Core	window_005_0.46nm	umbrella.xtc	319347040	finished_mdrun+final_gro+critical_sha256
LiCl	LiD3-Core	window_003_0.31nm	umbrella_eq.xtc	79956600	finished_mdrun+final_gro+critical_sha256
LiCl	LiD3-Core	window_003_0.31nm	umbrella.xtc	319349468	finished_mdrun+final_gro+critical_sha256
LiCl	LiD3-Core	window_008_0.68nm	umbrella_eq.xtc	79956332	finished_mdrun+final_gro+critical_sha256
LiCl	LiD3-Core	window_008_0.68nm	umbrella.xtc	319347884	finished_mdrun+final_gro+critical_sha256
LiCl	LiD3-Core	window_009_0.76nm	umbrella_eq.xtc	79956512	finished_mdrun+final_gro+critical_sha256
LiCl	LiD3-Core	window_009_0.76nm	umbrella.xtc	319349728	finished_mdrun+final_gro+critical_sha256
LiCl	LiD3-Core	window_001_0.16nm	umbrella_eq.xtc	79956320	finished_mdrun+final_gro+critical_sha256
LiCl	LiD3-Core	window_001_0.16nm	umbrella.xtc	319353572	finished_mdrun+final_gro+critical_sha256
LiCl	LiD3-Core	window_004_0.38nm	umbrella_eq.xtc	79957268	finished_mdrun+final_gro+critical_sha256
LiCl	LiD3-Core	window_004_0.38nm	umbrella.xtc	319346892	finished_mdrun+final_gro+critical_sha256
LiCl	LiD3-Core	window_006_0.53nm	umbrella_eq.xtc	79957192	finished_mdrun+final_gro+critical_sha256
LiCl	LiD3-Core	window_006_0.53nm	umbrella.xtc	319350184	finished_mdrun+final_gro+critical_sha256
LiCl	LiD3-Core	window_002_0.23nm	umbrella_eq.xtc	79957064	finished_mdrun+final_gro+critical_sha256
LiCl	LiD3-Core	window_002_0.23nm	umbrella.xtc	319347056	finished_mdrun+final_gro+critical_sha256
LiCl	LiD3-Core	window_010_0.83nm	umbrella_eq.xtc	79956328	finished_mdrun+final_gro+critical_sha256
LiCl	LiD3-Core	window_010_0.83nm	umbrella.xtc	319348020	finished_mdrun+final_gro+critical_sha256
LiCl	LiA3-Ref	window_003_1.32nm	umbrella_eq.xtc	82812140	finished_mdrun+final_gro+critical_sha256
LiCl	LiA3-Ref	window_003_1.32nm	umbrella.xtc	330751496	finished_mdrun+final_gro+critical_sha256
LiCl	LiA3-Ref	window_000_1.10nm	umbrella_eq.xtc	82811464	finished_mdrun+final_gro+critical_sha256
LiCl	LiA3-Ref	window_000_1.10nm	umbrella.xtc	330752412	finished_mdrun+final_gro+critical_sha256
LiCl	LiA3-Ref	window_001_1.17nm	umbrella_eq.xtc	82811848	finished_mdrun+final_gro+critical_sha256
LiCl	LiA3-Ref	window_001_1.17nm	umbrella.xtc	330753000	finished_mdrun+final_gro+critical_sha256
LiCl	LiA3-Ref	window_002_1.25nm	umbrella_eq.xtc	82811840	finished_mdrun+final_gro+critical_sha256
LiCl	LiA3-Ref	window_002_1.25nm	umbrella.xtc	330752444	finished_mdrun+final_gro+critical_sha256
LiCl	LiDS-1	window_014_1.43nm	umbrella_eq.xtc	52554088	finished_mdrun+final_gro+critical_sha256
LiCl	LiDS-1	window_014_1.43nm	umbrella.xtc	209903464	finished_mdrun+final_gro+critical_sha256
LiCl	LiDS-1	window_020_1.88nm	umbrella_eq.xtc	52554604	finished_mdrun+final_gro+critical_sha256
LiCl	LiDS-1	window_020_1.88nm	umbrella.xtc	209904148	finished_mdrun+final_gro+critical_sha256
LiCl	LiDS-1	window_017_1.65nm	umbrella_eq.xtc	52554248	finished_mdrun+final_gro+critical_sha256
LiCl	LiDS-1	window_017_1.65nm	umbrella.xtc	209902904	finished_mdrun+final_gro+critical_sha256
LiCl	LiDS-1	window_022_2.03nm	umbrella_eq.xtc	52555056	finished_mdrun+final_gro+critical_sha256
LiCl	LiDS-1	window_022_2.03nm	umbrella.xtc	209912764	finished_mdrun+final_gro+critical_sha256
LiCl	LiDS-1	window_016_1.58nm	umbrella_eq.xtc	52555216	finished_mdrun+final_gro+critical_sha256
LiCl	LiDS-1	window_016_1.58nm	umbrella.xtc	209902584	finished_mdrun+final_gro+critical_sha256
LiCl	LiDS-1	window_024_2.18nm	umbrella_eq.xtc	52554264	finished_mdrun+final_gro+critical_sha256
LiCl	LiDS-1	window_024_2.18nm	umbrella.xtc	209905488	finished_mdrun+final_gro+critical_sha256
LiCl	LiDS-1	window_013_1.35nm	umbrella_eq.xtc	52554704	finished_mdrun+final_gro+critical_sha256
LiCl	LiDS-1	window_013_1.35nm	umbrella.xtc	209903260	finished_mdrun+final_gro+critical_sha256
LiCl	LiDS-1	window_023_2.10nm	umbrella_eq.xtc	52554168	finished_mdrun+final_gro+critical_sha256
LiCl	LiDS-1	window_023_2.10nm	umbrella.xtc	209905272	finished_mdrun+final_gro+critical_sha256
LiCl	LiDS-1	window_025_2.25nm	umbrella_eq.xtc	52555516	finished_mdrun+final_gro+critical_sha256
LiCl	LiDS-1	window_025_2.25nm	umbrella.xtc	209906392	finished_mdrun+final_gro+critical_sha256
LiCl	LiDS-1	window_019_1.80nm	umbrella_eq.xtc	52554012	finished_mdrun+final_gro+critical_sha256
LiCl	LiDS-1	window_019_1.80nm	umbrella.xtc	209903688	finished_mdrun+final_gro+critical_sha256
LiCl	LiDS-1	window_021_1.95nm	umbrella_eq.xtc	52555540	finished_mdrun+final_gro+critical_sha256
LiCl	LiDS-1	window_021_1.95nm	umbrella.xtc	209904604	finished_mdrun+final_gro+critical_sha256
LiCl	LiDS-1	window_018_1.73nm	umbrella_eq.xtc	52554588	finished_mdrun+final_gro+critical_sha256
LiCl	LiDS-1	window_018_1.73nm	umbrella.xtc	209901316	finished_mdrun+final_gro+critical_sha256
LiCl	LiDS-1	window_026_2.33nm	umbrella_eq.xtc	52554376	finished_mdrun+final_gro+critical_sha256
LiCl	LiDS-1	window_026_2.33nm	umbrella.xtc	209906420	finished_mdrun+final_gro+critical_sha256
LiCl	LiDS-1	window_015_1.50nm	umbrella_eq.xtc	52554108	finished_mdrun+final_gro+critical_sha256
LiCl	LiDS-1	window_015_1.50nm	umbrella.xtc	209904128	finished_mdrun+final_gro+critical_sha256
LiCl	LiDS-1	window_012_1.28nm	umbrella_eq.xtc	52555352	finished_mdrun+final_gro+critical_sha256
LiCl	LiDS-1	window_012_1.28nm	umbrella.xtc	209911192	finished_mdrun+final_gro+critical_sha256
LiCl	LiN3-Core	window_000_0.76nm	umbrella_eq.xtc	79964296	finished_mdrun+final_gro+critical_sha256
LiCl	LiN3-Core	window_000_0.76nm	umbrella.xtc	319381632	finished_mdrun+final_gro+critical_sha256
LiCl	LiN3-Core	window_002_0.91nm	umbrella_eq.xtc	79964376	finished_mdrun+final_gro+critical_sha256
LiCl	LiN3-Core	window_002_0.91nm	umbrella.xtc	319379744	finished_mdrun+final_gro+critical_sha256
LiCl	LiN3-Core	window_001_0.84nm	umbrella_eq.xtc	79964280	finished_mdrun+final_gro+critical_sha256
LiCl	LiN3-Core	window_001_0.84nm	umbrella.xtc	319377880	finished_mdrun+final_gro+critical_sha256
LiCl	LiN3-Core	window_003_0.99nm	umbrella_eq.xtc	79963852	finished_mdrun+final_gro+critical_sha256
LiCl	LiN3-Core	window_003_0.99nm	umbrella.xtc	319380308	finished_mdrun+final_gro+critical_sha256
NaCl	LiLC-1	window_007_1.24nm	umbrella_eq.xtc	79822640	finished_mdrun+final_gro+critical_sha256
NaCl	LiLC-1	window_007_1.24nm	umbrella.xtc	318812308	finished_mdrun+final_gro+critical_sha256
NaCl	LiLC-1	window_005_1.09nm	umbrella_eq.xtc	79822216	finished_mdrun+final_gro+critical_sha256
NaCl	LiLC-1	window_005_1.09nm	umbrella.xtc	318814556	finished_mdrun+final_gro+critical_sha256
NaCl	LiLC-1	window_012_1.61nm	umbrella_eq.xtc	79822376	finished_mdrun+final_gro+critical_sha256
NaCl	LiLC-1	window_012_1.61nm	umbrella.xtc	318811228	finished_mdrun+final_gro+critical_sha256
NaCl	LiLC-1	window_000_0.71nm	umbrella_eq.xtc	79822464	finished_mdrun+final_gro+critical_sha256
NaCl	LiLC-1	window_000_0.71nm	umbrella.xtc	318809880	finished_mdrun+final_gro+critical_sha256
NaCl	LiLC-1	window_003_0.94nm	umbrella_eq.xtc	79822312	finished_mdrun+final_gro+critical_sha256
NaCl	LiLC-1	window_003_0.94nm	umbrella.xtc	318813176	finished_mdrun+final_gro+critical_sha256
NaCl	LiLC-1	window_006_1.16nm	umbrella_eq.xtc	79823412	finished_mdrun+final_gro+critical_sha256
NaCl	LiLC-1	window_006_1.16nm	umbrella.xtc	318812544	finished_mdrun+final_gro+critical_sha256
NaCl	LiLC-1	window_002_0.86nm	umbrella_eq.xtc	79822472	finished_mdrun+final_gro+critical_sha256
NaCl	LiLC-1	window_002_0.86nm	umbrella.xtc	318811000	finished_mdrun+final_gro+critical_sha256
NaCl	LiLC-1	window_010_1.46nm	umbrella_eq.xtc	79822000	finished_mdrun+final_gro+critical_sha256
NaCl	LiLC-1	window_010_1.46nm	umbrella.xtc	318813016	finished_mdrun+final_gro+critical_sha256
NaCl	LiLC-1	window_001_0.79nm	umbrella_eq.xtc	79821436	finished_mdrun+final_gro+critical_sha256
NaCl	LiLC-1	window_001_0.79nm	umbrella.xtc	318811048	finished_mdrun+final_gro+critical_sha256
NaCl	LiLC-1	window_004_1.01nm	umbrella_eq.xtc	79822312	finished_mdrun+final_gro+critical_sha256
NaCl	LiLC-1	window_004_1.01nm	umbrella.xtc	318810716	finished_mdrun+final_gro+critical_sha256
NaCl	LiLC-1	window_008_1.31nm	umbrella_eq.xtc	79822668	finished_mdrun+final_gro+critical_sha256
NaCl	LiLC-1	window_008_1.31nm	umbrella.xtc	318812016	finished_mdrun+final_gro+critical_sha256
NaCl	LiLC-1	window_011_1.54nm	umbrella_eq.xtc	79822500	finished_mdrun+final_gro+critical_sha256
NaCl	LiLC-1	window_011_1.54nm	umbrella.xtc	318811620	finished_mdrun+final_gro+critical_sha256
NaCl	LiLC-1	window_009_1.39nm	umbrella_eq.xtc	79822776	finished_mdrun+final_gro+critical_sha256
NaCl	LiLC-1	window_009_1.39nm	umbrella.xtc	318810520	finished_mdrun+final_gro+critical_sha256
NaCl	LiLC-1	window_013_1.69nm	umbrella_eq.xtc	79821752	finished_mdrun+final_gro+critical_sha256
NaCl	LiLC-1	window_013_1.69nm	umbrella.xtc	318811760	finished_mdrun+final_gro+critical_sha256
NaCl	LiD3-Flex	window_015_1.23nm	umbrella_eq.xtc	124050072	finished_mdrun+final_gro+critical_sha256
NaCl	LiD3-Flex	window_015_1.23nm	umbrella.xtc	495455876	finished_mdrun+final_gro+critical_sha256
NaCl	LiD3-Flex	window_003_0.33nm	umbrella_eq.xtc	124049416	finished_mdrun+final_gro+critical_sha256
NaCl	LiD3-Flex	window_003_0.33nm	umbrella.xtc	495455420	finished_mdrun+final_gro+critical_sha256
NaCl	LiD3-Flex	window_014_1.16nm	umbrella_eq.xtc	124049280	finished_mdrun+final_gro+critical_sha256
NaCl	LiD3-Flex	window_014_1.16nm	umbrella.xtc	495455192	finished_mdrun+final_gro+critical_sha256
NaCl	LiD3-Flex	window_021_1.68nm	umbrella_eq.xtc	124049796	finished_mdrun+final_gro+critical_sha256
NaCl	LiD3-Flex	window_021_1.68nm	umbrella.xtc	495455756	finished_mdrun+final_gro+critical_sha256
NaCl	LiD3-Flex	window_002_0.26nm	umbrella_eq.xtc	124049460	finished_mdrun+final_gro+critical_sha256
NaCl	LiD3-Flex	window_002_0.26nm	umbrella.xtc	495455628	finished_mdrun+final_gro+critical_sha256
NaCl	LiD3-Flex	window_016_1.31nm	umbrella_eq.xtc	124049072	finished_mdrun+final_gro+critical_sha256
NaCl	LiD3-Flex	window_016_1.31nm	umbrella.xtc	495454756	finished_mdrun+final_gro+critical_sha256
NaCl	LiD3-Flex	window_025_1.98nm	umbrella_eq.xtc	124049364	finished_mdrun+final_gro+critical_sha256
NaCl	LiD3-Flex	window_025_1.98nm	umbrella.xtc	495454568	finished_mdrun+final_gro+critical_sha256
NaCl	LiD3-Flex	window_024_1.91nm	umbrella_eq.xtc	124049080	finished_mdrun+final_gro+critical_sha256
NaCl	LiD3-Flex	window_024_1.91nm	umbrella.xtc	495454108	finished_mdrun+final_gro+critical_sha256
NaCl	LiD3-Flex	window_005_0.48nm	umbrella_eq.xtc	124049608	finished_mdrun+final_gro+critical_sha256
NaCl	LiD3-Flex	window_005_0.48nm	umbrella.xtc	495453892	finished_mdrun+final_gro+critical_sha256
NaCl	LiD3-Flex	window_012_1.01nm	umbrella_eq.xtc	124049820	finished_mdrun+final_gro+critical_sha256
NaCl	LiD3-Flex	window_012_1.01nm	umbrella.xtc	495453876	finished_mdrun+final_gro+critical_sha256
NaCl	LiD3-Flex	window_022_1.76nm	umbrella_eq.xtc	124049140	finished_mdrun+final_gro+critical_sha256
NaCl	LiD3-Flex	window_022_1.76nm	umbrella.xtc	495454800	finished_mdrun+final_gro+critical_sha256
NaCl	LiD3-Flex	window_011_0.93nm	umbrella_eq.xtc	124048952	finished_mdrun+final_gro+critical_sha256
NaCl	LiD3-Flex	window_011_0.93nm	umbrella.xtc	495453884	finished_mdrun+final_gro+critical_sha256
NaCl	LiD3-Flex	window_008_0.71nm	umbrella_eq.xtc	124050164	finished_mdrun+final_gro+critical_sha256
NaCl	LiD3-Flex	window_008_0.71nm	umbrella.xtc	495453964	finished_mdrun+final_gro+critical_sha256
NaCl	LiD3-Flex	window_020_1.61nm	umbrella_eq.xtc	124050220	finished_mdrun+final_gro+critical_sha256
NaCl	LiD3-Flex	window_020_1.61nm	umbrella.xtc	495455300	finished_mdrun+final_gro+critical_sha256
NaCl	LiD3-Flex	window_023_1.83nm	umbrella_eq.xtc	124048808	finished_mdrun+final_gro+critical_sha256
NaCl	LiD3-Flex	window_023_1.83nm	umbrella.xtc	495454852	finished_mdrun+final_gro+critical_sha256
NaCl	LiD3-Flex	window_007_0.63nm	umbrella_eq.xtc	124049384	finished_mdrun+final_gro+critical_sha256
NaCl	LiD3-Flex	window_007_0.63nm	umbrella.xtc	495453936	finished_mdrun+final_gro+critical_sha256
NaCl	LiD3-Flex	window_019_1.53nm	umbrella_eq.xtc	124049648	finished_mdrun+final_gro+critical_sha256
NaCl	LiD3-Flex	window_019_1.53nm	umbrella.xtc	495454488	finished_mdrun+final_gro+critical_sha256
NaCl	LiD3-Flex	window_009_0.78nm	umbrella_eq.xtc	124049320	finished_mdrun+final_gro+critical_sha256
NaCl	LiD3-Flex	window_009_0.78nm	umbrella.xtc	495454644	finished_mdrun+final_gro+critical_sha256
NaCl	LiD3-Flex	window_018_1.46nm	umbrella_eq.xtc	124049800	finished_mdrun+final_gro+critical_sha256
NaCl	LiD3-Flex	window_018_1.46nm	umbrella.xtc	495454904	finished_mdrun+final_gro+critical_sha256
NaCl	LiD3-Flex	window_017_1.38nm	umbrella_eq.xtc	124048680	finished_mdrun+final_gro+critical_sha256
NaCl	LiD3-Flex	window_017_1.38nm	umbrella.xtc	495453516	finished_mdrun+final_gro+critical_sha256
NaCl	LiD3-Flex	window_013_1.08nm	umbrella_eq.xtc	124049256	finished_mdrun+final_gro+critical_sha256
NaCl	LiD3-Flex	window_013_1.08nm	umbrella.xtc	495455052	finished_mdrun+final_gro+critical_sha256
NaCl	LiD3-Flex	window_006_0.56nm	umbrella_eq.xtc	124050208	finished_mdrun+final_gro+critical_sha256
NaCl	LiD3-Flex	window_006_0.56nm	umbrella.xtc	495454828	finished_mdrun+final_gro+critical_sha256
NaCl	LiD3-Flex	window_010_0.86nm	umbrella_eq.xtc	124049308	finished_mdrun+final_gro+critical_sha256
NaCl	LiD3-Flex	window_010_0.86nm	umbrella.xtc	495454984	finished_mdrun+final_gro+critical_sha256
NaCl	LiD3-Flex	window_004_0.41nm	umbrella_eq.xtc	124049440	finished_mdrun+final_gro+critical_sha256
NaCl	LiD3-Flex	window_004_0.41nm	umbrella.xtc	495455216	finished_mdrun+final_gro+critical_sha256
NaCl	LiD3-Core	window_008_1.02nm	umbrella_eq.xtc	79865132	finished_mdrun+final_gro+critical_sha256
NaCl	LiD3-Core	window_008_1.02nm	umbrella.xtc	318985196	finished_mdrun+final_gro+critical_sha256
NaCl	LiD3-Core	window_001_0.50nm	umbrella_eq.xtc	79865560	finished_mdrun+final_gro+critical_sha256
NaCl	LiD3-Core	window_001_0.50nm	umbrella.xtc	318984992	finished_mdrun+final_gro+critical_sha256
NaCl	LiD3-Core	window_010_1.17nm	umbrella_eq.xtc	79865632	finished_mdrun+final_gro+critical_sha256
NaCl	LiD3-Core	window_010_1.17nm	umbrella.xtc	318985828	finished_mdrun+final_gro+critical_sha256
NaCl	LiD3-Core	window_002_0.57nm	umbrella_eq.xtc	79865788	finished_mdrun+final_gro+critical_sha256
NaCl	LiD3-Core	window_002_0.57nm	umbrella.xtc	318984856	finished_mdrun+final_gro+critical_sha256
NaCl	LiD3-Core	window_004_0.72nm	umbrella_eq.xtc	79865772	finished_mdrun+final_gro+critical_sha256
NaCl	LiD3-Core	window_004_0.72nm	umbrella.xtc	318984856	finished_mdrun+final_gro+critical_sha256
NaCl	LiD3-Core	window_012_1.32nm	umbrella_eq.xtc	79865672	finished_mdrun+final_gro+critical_sha256
NaCl	LiD3-Core	window_012_1.32nm	umbrella.xtc	318985372	finished_mdrun+final_gro+critical_sha256
NaCl	LiD3-Core	window_006_0.87nm	umbrella_eq.xtc	79865816	finished_mdrun+final_gro+critical_sha256
NaCl	LiD3-Core	window_006_0.87nm	umbrella.xtc	318985628	finished_mdrun+final_gro+critical_sha256
NaCl	LiD3-Core	window_007_0.95nm	umbrella_eq.xtc	79865736	finished_mdrun+final_gro+critical_sha256
NaCl	LiD3-Core	window_007_0.95nm	umbrella.xtc	318983284	finished_mdrun+final_gro+critical_sha256
NaCl	LiD3-Core	window_000_0.42nm	umbrella_eq.xtc	79865792	finished_mdrun+final_gro+critical_sha256
NaCl	LiD3-Core	window_000_0.42nm	umbrella.xtc	318984992	finished_mdrun+final_gro+critical_sha256
NaCl	LiD3-Core	window_009_1.10nm	umbrella_eq.xtc	79865172	finished_mdrun+final_gro+critical_sha256
NaCl	LiD3-Core	window_009_1.10nm	umbrella.xtc	318984720	finished_mdrun+final_gro+critical_sha256
NaCl	LiD3-Core	window_013_1.40nm	umbrella_eq.xtc	79865848	finished_mdrun+final_gro+critical_sha256
NaCl	LiD3-Core	window_013_1.40nm	umbrella.xtc	318985584	finished_mdrun+final_gro+critical_sha256
NaCl	LiD3-Core	window_003_0.65nm	umbrella_eq.xtc	79865624	finished_mdrun+final_gro+critical_sha256
NaCl	LiD3-Core	window_003_0.65nm	umbrella.xtc	318985044	finished_mdrun+final_gro+critical_sha256
NaCl	LiD3-Core	window_005_0.80nm	umbrella_eq.xtc	79865484	finished_mdrun+final_gro+critical_sha256
NaCl	LiD3-Core	window_005_0.80nm	umbrella.xtc	318984588	finished_mdrun+final_gro+critical_sha256
NaCl	LiD3-Core	window_011_1.25nm	umbrella_eq.xtc	79865704	finished_mdrun+final_gro+critical_sha256
NaCl	LiD3-Core	window_011_1.25nm	umbrella.xtc	318983984	finished_mdrun+final_gro+critical_sha256
NaCl	LiA3-Ref	window_006_1.32nm	umbrella_eq.xtc	82892356	finished_mdrun+final_gro+critical_sha256
NaCl	LiA3-Ref	window_006_1.32nm	umbrella.xtc	331074948	finished_mdrun+final_gro+critical_sha256
NaCl	LiA3-Ref	window_004_1.17nm	umbrella_eq.xtc	82893276	finished_mdrun+final_gro+critical_sha256
NaCl	LiA3-Ref	window_004_1.17nm	umbrella.xtc	331075048	finished_mdrun+final_gro+critical_sha256
NaCl	LiA3-Ref	window_002_1.02nm	umbrella_eq.xtc	82892964	finished_mdrun+final_gro+critical_sha256
NaCl	LiA3-Ref	window_002_1.02nm	umbrella.xtc	331075936	finished_mdrun+final_gro+critical_sha256
NaCl	LiA3-Ref	window_000_0.87nm	umbrella_eq.xtc	82892504	finished_mdrun+final_gro+critical_sha256
NaCl	LiA3-Ref	window_000_0.87nm	umbrella.xtc	331075412	finished_mdrun+final_gro+critical_sha256
NaCl	LiA3-Ref	window_003_1.10nm	umbrella_eq.xtc	82892960	finished_mdrun+final_gro+critical_sha256
NaCl	LiA3-Ref	window_003_1.10nm	umbrella.xtc	331076260	finished_mdrun+final_gro+critical_sha256
NaCl	LiA3-Ref	window_012_1.77nm	umbrella_eq.xtc	82892640	finished_mdrun+final_gro+critical_sha256
NaCl	LiA3-Ref	window_012_1.77nm	umbrella.xtc	331074360	finished_mdrun+final_gro+critical_sha256
NaCl	LiA3-Ref	window_013_1.85nm	umbrella_eq.xtc	82892556	finished_mdrun+final_gro+critical_sha256
NaCl	LiA3-Ref	window_013_1.85nm	umbrella.xtc	331075188	finished_mdrun+final_gro+critical_sha256
NaCl	LiA3-Ref	window_011_1.70nm	umbrella_eq.xtc	82893180	finished_mdrun+final_gro+critical_sha256
NaCl	LiA3-Ref	window_011_1.70nm	umbrella.xtc	331075424	finished_mdrun+final_gro+critical_sha256
NaCl	LiA3-Ref	window_008_1.47nm	umbrella_eq.xtc	82892392	finished_mdrun+final_gro+critical_sha256
NaCl	LiA3-Ref	window_008_1.47nm	umbrella.xtc	331074592	finished_mdrun+final_gro+critical_sha256
NaCl	LiA3-Ref	window_009_1.55nm	umbrella_eq.xtc	82892832	finished_mdrun+final_gro+critical_sha256
NaCl	LiA3-Ref	window_009_1.55nm	umbrella.xtc	331078560	finished_mdrun+final_gro+critical_sha256
NaCl	LiA3-Ref	window_007_1.40nm	umbrella_eq.xtc	82893292	finished_mdrun+final_gro+critical_sha256
NaCl	LiA3-Ref	window_007_1.40nm	umbrella.xtc	331074688	finished_mdrun+final_gro+critical_sha256
NaCl	LiA3-Ref	window_001_0.95nm	umbrella_eq.xtc	82893032	finished_mdrun+final_gro+critical_sha256
NaCl	LiA3-Ref	window_001_0.95nm	umbrella.xtc	331074780	finished_mdrun+final_gro+critical_sha256
NaCl	LiA3-Ref	window_005_1.25nm	umbrella_eq.xtc	82892464	finished_mdrun+final_gro+critical_sha256
NaCl	LiA3-Ref	window_005_1.25nm	umbrella.xtc	331075752	finished_mdrun+final_gro+critical_sha256
NaCl	LiA3-Ref	window_010_1.62nm	umbrella_eq.xtc	82893020	finished_mdrun+final_gro+critical_sha256
NaCl	LiA3-Ref	window_010_1.62nm	umbrella.xtc	331074336	finished_mdrun+final_gro+critical_sha256
NaCl	LiDS-1	window_025_2.70nm	umbrella_eq.xtc	52555668	finished_mdrun+final_gro+critical_sha256
NaCl	LiDS-1	window_025_2.70nm	umbrella.xtc	209904228	finished_mdrun+final_gro+critical_sha256
NaCl	LiDS-1	window_024_2.63nm	umbrella_eq.xtc	52554780	finished_mdrun+final_gro+critical_sha256
NaCl	LiDS-1	window_024_2.63nm	umbrella.xtc	209902276	finished_mdrun+final_gro+critical_sha256
NaCl	LiDS-1	window_026_2.78nm	umbrella_eq.xtc	52554964	finished_mdrun+final_gro+critical_sha256
NaCl	LiDS-1	window_026_2.78nm	umbrella.xtc	209904132	finished_mdrun+final_gro+critical_sha256
NaCl	LiND-Hybrid	window_001_0.59nm	umbrella_eq.xtc	124115196	finished_mdrun+final_gro+critical_sha256
NaCl	LiND-Hybrid	window_001_0.59nm	umbrella.xtc	495719352	finished_mdrun+final_gro+critical_sha256
NaCl	LiND-Hybrid	window_000_0.51nm	umbrella_eq.xtc	124116112	finished_mdrun+final_gro+critical_sha256
NaCl	LiND-Hybrid	window_000_0.51nm	umbrella.xtc	495720152	finished_mdrun+final_gro+critical_sha256
NaCl	LiND-Hybrid	window_002_0.66nm	umbrella_eq.xtc	124115628	finished_mdrun+final_gro+critical_sha256
NaCl	LiND-Hybrid	window_002_0.66nm	umbrella.xtc	495719612	finished_mdrun+final_gro+critical_sha256
NaCl	LiND-Hybrid	window_003_0.74nm	umbrella_eq.xtc	124116056	finished_mdrun+final_gro+critical_sha256
NaCl	LiND-Hybrid	window_003_0.74nm	umbrella.xtc	495719380	finished_mdrun+final_gro+critical_sha256
NaCl	LiN3-Core	window_010_1.37nm	umbrella_eq.xtc	80023668	finished_mdrun+final_gro+critical_sha256
NaCl	LiN3-Core	window_010_1.37nm	umbrella.xtc	319617568	finished_mdrun+final_gro+critical_sha256
NaCl	LiN3-Core	window_000_0.62nm	umbrella_eq.xtc	80023656	finished_mdrun+final_gro+critical_sha256
NaCl	LiN3-Core	window_000_0.62nm	umbrella.xtc	319615028	finished_mdrun+final_gro+critical_sha256
NaCl	LiN3-Core	window_008_1.22nm	umbrella_eq.xtc	80023636	finished_mdrun+final_gro+critical_sha256
NaCl	LiN3-Core	window_008_1.22nm	umbrella.xtc	319615964	finished_mdrun+final_gro+critical_sha256
NaCl	LiN3-Core	window_006_1.07nm	umbrella_eq.xtc	80024216	finished_mdrun+final_gro+critical_sha256
NaCl	LiN3-Core	window_006_1.07nm	umbrella.xtc	319615964	finished_mdrun+final_gro+critical_sha256
NaCl	LiN3-Core	window_002_0.77nm	umbrella_eq.xtc	80024420	finished_mdrun+final_gro+critical_sha256
NaCl	LiN3-Core	window_002_0.77nm	umbrella.xtc	319616040	finished_mdrun+final_gro+critical_sha256
NaCl	LiN3-Core	window_001_0.70nm	umbrella_eq.xtc	80023848	finished_mdrun+final_gro+critical_sha256
NaCl	LiN3-Core	window_001_0.70nm	umbrella.xtc	319615824	finished_mdrun+final_gro+critical_sha256
NaCl	LiN3-Core	window_003_0.85nm	umbrella_eq.xtc	80023388	finished_mdrun+final_gro+critical_sha256
NaCl	LiN3-Core	window_003_0.85nm	umbrella.xtc	319615548	finished_mdrun+final_gro+critical_sha256
NaCl	LiN3-Core	window_004_0.92nm	umbrella_eq.xtc	80023828	finished_mdrun+final_gro+critical_sha256
NaCl	LiN3-Core	window_004_0.92nm	umbrella.xtc	319615148	finished_mdrun+final_gro+critical_sha256
NaCl	LiN3-Core	window_005_1.00nm	umbrella_eq.xtc	80023548	finished_mdrun+final_gro+critical_sha256
NaCl	LiN3-Core	window_005_1.00nm	umbrella.xtc	319616580	finished_mdrun+final_gro+critical_sha256
NaCl	LiN3-Core	window_011_1.45nm	umbrella_eq.xtc	80024532	finished_mdrun+final_gro+critical_sha256
NaCl	LiN3-Core	window_011_1.45nm	umbrella.xtc	319614640	finished_mdrun+final_gro+critical_sha256
NaCl	LiN3-Core	window_007_1.15nm	umbrella_eq.xtc	80023000	finished_mdrun+final_gro+critical_sha256
NaCl	LiN3-Core	window_007_1.15nm	umbrella.xtc	319615564	finished_mdrun+final_gro+critical_sha256
NaCl	LiN3-Core	window_009_1.30nm	umbrella_eq.xtc	80023448	finished_mdrun+final_gro+critical_sha256
NaCl	LiN3-Core	window_009_1.30nm	umbrella.xtc	319614600	finished_mdrun+final_gro+critical_sha256
