rank	candidate_id	sequence	expected_sequence	sequence_match	length	ptm_from_filename	num_recycles	run_folder	pdb_for_charmm_gui	pae_file	confidence_plot	pdb_sha256
1	LiD3-1	GPGDPGSGPGDPGSGPGDP	GPGDPGSGPGDPGSGPGDP	true	19	0.027	3	esmfold/runs/LiD3-1	esmfold/pdb/LiD3-1.pdb	esmfold/pae/LiD3-1.pae.txt	esmfold/plots/LiD3-1.png	18ee398d4aafc38e
2	LiND-1	GPGNPGSGPGDPGSGPGNP	GPGNPGSGPGDPGSGPGNP	true	19	0.027	3	esmfold/runs/LiND-1	esmfold/pdb/LiND-1.pdb	esmfold/pae/LiND-1.pae.txt	esmfold/plots/LiND-1.png	dc4fed8a3f7b4b45
3	IDP-Li-1	SGDSGPGDPGDSG	SGDSGPGDPGDSG	true	13	0.026	3	esmfold/runs/IDP-Li-1	esmfold/pdb/IDP-Li-1.pdb	esmfold/pae/IDP-Li-1.pae.txt	esmfold/plots/IDP-Li-1.png	6fb3c841049229e0
4	IDP-Li-2	GDSGSGPGDPGSGDS	GDSGSGPGDPGSGDS	true	15	0.027	3	esmfold/runs/IDP-Li-2	esmfold/pdb/IDP-Li-2.pdb	esmfold/pae/IDP-Li-2.pae.txt	esmfold/plots/IDP-Li-2.png	eb8f87af3e41f2b6
5	LowCharge-Li	GPGDPGSGNPGSGDP	GPGDPGSGNPGSGDP	true	15	0.027	3	esmfold/runs/LowCharge-Li	esmfold/pdb/LowCharge-Li.pdb	esmfold/pae/LowCharge-Li.pae.txt	esmfold/plots/LowCharge-Li.png	897825d46d137cc9
6	LiD2-IDP	GPGDPGSDGSGPGDP	GPGDPGSDGSGPGDP	true	15	0.027	3	esmfold/runs/LiD2-IDP	esmfold/pdb/LiD2-IDP.pdb	esmfold/pae/LiD2-IDP.pae.txt	esmfold/plots/LiD2-IDP.png	c0d3dde938640979
7	StrongBind-Li	GPGDPGSDGPGDPGSD	GPGDPGSDGPGDPGSD	true	16	0.028	3	esmfold/runs/StrongBind-Li	esmfold/pdb/StrongBind-Li.pdb	esmfold/pae/StrongBind-Li.pae.txt	esmfold/plots/StrongBind-Li.png	15368c72baf4c411
8	SoftCage-Li	GSGDPGNGDPGSG	GSGDPGNGDPGSG	true	13	0.029	3	esmfold/runs/SoftCage-Li	esmfold/pdb/SoftCage-Li.pdb	esmfold/pae/SoftCage-Li.pae.txt	esmfold/plots/SoftCage-Li.png	bf29315559c0e32b
9	IDP-Rich-Li	DSGDSGPGDPGDSGS	DSGDSGPGDPGDSGS	true	15	0.022	3	esmfold/runs/IDP-Rich-Li	esmfold/pdb/IDP-Rich-Li.pdb	esmfold/pae/IDP-Rich-Li.pae.txt	esmfold/plots/IDP-Rich-Li.png	872b80b06d520683
10	Control-Negative	GPGAPGSGPGAPGSGPGAP	GPGAPGSGPGAPGSGPGAP	true	19	0.029	3	esmfold/runs/Control-Negative	esmfold/pdb/Control-Negative.pdb	esmfold/pae/Control-Negative.pae.txt	esmfold/plots/Control-Negative.png	070215ce702d0ad0
