window	original_dir	tpr	pullf	pullx	source
000	/mnt/lisper_data/LiSPER_remote/LiSPER_8cand_LiCl/systems/LiDA-1/gromacs/umbrella_sampling_binding_site_v2/window_000_0.13nm	/mnt/lisper_data/LiSPER_remote/LiSPER_8cand_LiCl/systems/LiDA-1/gromacs/umbrella_sampling_binding_site_v2/window_000_0.13nm/umbrella.tpr	/mnt/lisper_data/LiSPER_remote/LiSPER_8cand_LiCl/systems/LiDA-1/gromacs/umbrella_sampling_binding_site_v2/window_000_0.13nm/umbrella_pullf.xvg	/mnt/lisper_data/LiSPER_remote/LiSPER_8cand_LiCl/systems/LiDA-1/gromacs/umbrella_sampling_binding_site_v2/window_000_0.13nm/umbrella_pullx.xvg	original_2ns
001	/mnt/lisper_data/LiSPER_remote/LiSPER_8cand_LiCl/systems/LiDA-1/gromacs/umbrella_sampling_binding_site_v2/window_001_0.20nm	/mnt/lisper_data/LiSPER_remote/LiSPER_8cand_LiCl/systems/LiDA-1/gromacs/umbrella_sampling_binding_site_v2/window_001_0.20nm/umbrella.tpr	/mnt/lisper_data/LiSPER_remote/LiSPER_8cand_LiCl/systems/LiDA-1/gromacs/umbrella_sampling_binding_site_v2/window_001_0.20nm/umbrella_pullf.xvg	/mnt/lisper_data/LiSPER_remote/LiSPER_8cand_LiCl/systems/LiDA-1/gromacs/umbrella_sampling_binding_site_v2/window_001_0.20nm/umbrella_pullx.xvg	original_2ns
002	/mnt/lisper_data/LiSPER_remote/LiSPER_8cand_LiCl/systems/LiDA-1/gromacs/umbrella_sampling_binding_site_v2/window_002_0.28nm	/mnt/lisper_data/LiSPER_remote/LiSPER_8cand_LiCl/systems/LiDA-1/gromacs/umbrella_sampling_binding_site_v2/window_002_0.28nm/umbrella.tpr	/mnt/lisper_data/LiSPER_remote/LiSPER_8cand_LiCl/systems/LiDA-1/gromacs/umbrella_sampling_binding_site_v2/window_002_0.28nm/umbrella_pullf.xvg	/mnt/lisper_data/LiSPER_remote/LiSPER_8cand_LiCl/systems/LiDA-1/gromacs/umbrella_sampling_binding_site_v2/window_002_0.28nm/umbrella_pullx.xvg	original_2ns
003	/mnt/lisper_data/LiSPER_remote/LiSPER_8cand_LiCl/systems/LiDA-1/gromacs/umbrella_sampling_binding_site_v2/window_003_0.35nm	/mnt/lisper_data/LiSPER_remote/LiSPER_8cand_LiCl/systems/LiDA-1/gromacs/umbrella_sampling_binding_site_v2/window_003_0.35nm/umbrella.tpr	/mnt/lisper_data/LiSPER_remote/LiSPER_8cand_LiCl/systems/LiDA-1/gromacs/umbrella_sampling_binding_site_v2/window_003_0.35nm/umbrella_pullf.xvg	/mnt/lisper_data/LiSPER_remote/LiSPER_8cand_LiCl/systems/LiDA-1/gromacs/umbrella_sampling_binding_site_v2/window_003_0.35nm/umbrella_pullx.xvg	original_2ns
004	/mnt/lisper_data/LiSPER_remote/LiSPER_8cand_LiCl/systems/LiDA-1/gromacs/umbrella_sampling_binding_site_v2/window_004_0.43nm	/mnt/lisper_data/LiSPER_remote/LiSPER_8cand_LiCl/systems/LiDA-1/gromacs/umbrella_sampling_binding_site_v2/window_004_0.43nm/umbrella.tpr	/mnt/lisper_data/LiSPER_remote/LiSPER_8cand_LiCl/systems/LiDA-1/gromacs/umbrella_sampling_binding_site_v2/window_004_0.43nm/umbrella_pullf.xvg	/mnt/lisper_data/LiSPER_remote/LiSPER_8cand_LiCl/systems/LiDA-1/gromacs/umbrella_sampling_binding_site_v2/window_004_0.43nm/umbrella_pullx.xvg	original_2ns
005	/mnt/lisper_data/LiSPER_remote/LiSPER_8cand_LiCl/systems/LiDA-1/gromacs/umbrella_sampling_binding_site_v2/window_005_0.50nm	/mnt/lisper_data/LiSPER_remote/LiSPER_8cand_LiCl/systems/LiDA-1/gromacs/umbrella_sampling_binding_site_v2/window_005_0.50nm/umbrella.tpr	/mnt/lisper_data/LiSPER_remote/LiSPER_8cand_LiCl/systems/LiDA-1/gromacs/umbrella_sampling_binding_site_v2/window_005_0.50nm/umbrella_pullf.xvg	/mnt/lisper_data/LiSPER_remote/LiSPER_8cand_LiCl/systems/LiDA-1/gromacs/umbrella_sampling_binding_site_v2/window_005_0.50nm/umbrella_pullx.xvg	original_2ns
006	/mnt/lisper_data/LiSPER_remote/LiSPER_8cand_LiCl/systems/LiDA-1/gromacs/umbrella_sampling_binding_site_v2/window_006_0.58nm	/mnt/lisper_data/LiSPER_remote/LiSPER_8cand_LiCl/systems/LiDA-1/gromacs/umbrella_sampling_binding_site_v2/window_006_0.58nm/umbrella.tpr	/mnt/lisper_data/LiSPER_remote/LiSPER_8cand_LiCl/systems/LiDA-1/gromacs/umbrella_sampling_binding_site_v2/window_006_0.58nm/umbrella_pullf.xvg	/mnt/lisper_data/LiSPER_remote/LiSPER_8cand_LiCl/systems/LiDA-1/gromacs/umbrella_sampling_binding_site_v2/window_006_0.58nm/umbrella_pullx.xvg	original_2ns
007	/mnt/lisper_data/LiSPER_remote/LiSPER_8cand_LiCl/systems/LiDA-1/gromacs/umbrella_sampling_binding_site_v2/window_007_0.65nm	/mnt/lisper_data/LiSPER_remote/LiSPER_8cand_LiCl/systems/LiDA-1/gromacs/umbrella_sampling_binding_site_v2/window_007_0.65nm/umbrella.tpr	/mnt/lisper_data/LiSPER_remote/LiSPER_8cand_LiCl/systems/LiDA-1/gromacs/umbrella_sampling_binding_site_v2/window_007_0.65nm/umbrella_pullf.xvg	/mnt/lisper_data/LiSPER_remote/LiSPER_8cand_LiCl/systems/LiDA-1/gromacs/umbrella_sampling_binding_site_v2/window_007_0.65nm/umbrella_pullx.xvg	original_2ns
008	/mnt/lisper_data/LiSPER_remote/LiSPER_8cand_LiCl/systems/LiDA-1/gromacs/umbrella_sampling_binding_site_v2/window_008_0.73nm	/mnt/lisper_data/LiSPER_remote/LiSPER_8cand_LiCl/systems/LiDA-1/gromacs/umbrella_sampling_binding_site_v2/window_008_0.73nm/umbrella.tpr	/mnt/lisper_data/LiSPER_remote/LiSPER_8cand_LiCl/systems/LiDA-1/gromacs/umbrella_sampling_binding_site_v2/window_008_0.73nm/umbrella_pullf.xvg	/mnt/lisper_data/LiSPER_remote/LiSPER_8cand_LiCl/systems/LiDA-1/gromacs/umbrella_sampling_binding_site_v2/window_008_0.73nm/umbrella_pullx.xvg	original_2ns
009	/mnt/lisper_data/LiSPER_remote/LiSPER_8cand_LiCl/systems/LiDA-1/gromacs/umbrella_sampling_binding_site_v2/window_009_0.80nm	/mnt/lisper_data/LiSPER_remote/LiSPER_8cand_LiCl/systems/LiDA-1/gromacs/umbrella_sampling_binding_site_v2/window_009_0.80nm/umbrella.tpr	/mnt/lisper_data/LiSPER_remote/LiSPER_8cand_LiCl/systems/LiDA-1/gromacs/umbrella_sampling_binding_site_v2/window_009_0.80nm/umbrella_pullf.xvg	/mnt/lisper_data/LiSPER_remote/LiSPER_8cand_LiCl/systems/LiDA-1/gromacs/umbrella_sampling_binding_site_v2/window_009_0.80nm/umbrella_pullx.xvg	original_2ns
010	/mnt/lisper_data/LiSPER_remote/LiSPER_8cand_LiCl/systems/LiDA-1/gromacs/umbrella_sampling_binding_site_v2/window_010_0.88nm	/mnt/lisper_data/LiSPER_remote/LiSPER_8cand_LiCl/systems/LiDA-1/gromacs/umbrella_sampling_binding_site_v2/window_010_0.88nm/umbrella.tpr	/mnt/lisper_data/LiSPER_remote/LiSPER_8cand_LiCl/systems/LiDA-1/gromacs/umbrella_sampling_binding_site_v2/window_010_0.88nm/umbrella_pullf.xvg	/mnt/lisper_data/LiSPER_remote/LiSPER_8cand_LiCl/systems/LiDA-1/gromacs/umbrella_sampling_binding_site_v2/window_010_0.88nm/umbrella_pullx.xvg	original_2ns
011	/mnt/lisper_data/LiSPER_remote/LiSPER_8cand_LiCl/systems/LiDA-1/gromacs/umbrella_sampling_binding_site_v2/window_011_0.95nm	/mnt/lisper_data/LiSPER_remote/LiSPER_8cand_LiCl/systems/LiDA-1/gromacs/umbrella_sampling_binding_site_v2/window_011_0.95nm/umbrella.tpr	/mnt/lisper_data/LiSPER_remote/LiSPER_8cand_LiCl/systems/LiDA-1/gromacs/umbrella_sampling_binding_site_v2/window_011_0.95nm/umbrella_pullf.xvg	/mnt/lisper_data/LiSPER_remote/LiSPER_8cand_LiCl/systems/LiDA-1/gromacs/umbrella_sampling_binding_site_v2/window_011_0.95nm/umbrella_pullx.xvg	original_2ns
012	/mnt/lisper_data/LiSPER_remote/LiSPER_8cand_LiCl/systems/LiDA-1/gromacs/umbrella_sampling_binding_site_v2/window_012_1.03nm	/mnt/lisper_data/LiSPER_remote/LiSPER_8cand_LiCl/systems/LiDA-1/gromacs/umbrella_sampling_binding_site_v2/window_012_1.03nm/umbrella.tpr	/mnt/lisper_data/LiSPER_remote/LiSPER_8cand_LiCl/systems/LiDA-1/gromacs/umbrella_sampling_binding_site_v2/window_012_1.03nm/umbrella_pullf.xvg	/mnt/lisper_data/LiSPER_remote/LiSPER_8cand_LiCl/systems/LiDA-1/gromacs/umbrella_sampling_binding_site_v2/window_012_1.03nm/umbrella_pullx.xvg	original_2ns
013	/mnt/lisper_data/LiSPER_remote/LiSPER_8cand_LiCl/systems/LiDA-1/gromacs/umbrella_sampling_binding_site_v2/window_013_1.10nm	/mnt/lisper_data/LiSPER_remote/LiSPER_8cand_LiCl/systems/LiDA-1/gromacs/umbrella_sampling_binding_site_v2/window_013_1.10nm/umbrella.tpr	/mnt/lisper_data/LiSPER_remote/LiSPER_8cand_LiCl/systems/LiDA-1/gromacs/umbrella_sampling_binding_site_v2/window_013_1.10nm/umbrella_pullf.xvg	/mnt/lisper_data/LiSPER_remote/LiSPER_8cand_LiCl/systems/LiDA-1/gromacs/umbrella_sampling_binding_site_v2/window_013_1.10nm/umbrella_pullx.xvg	original_2ns
014	/mnt/lisper_data/LiSPER_remote/LiSPER_8cand_LiCl/systems/LiDA-1/gromacs/umbrella_sampling_binding_site_v2/window_014_1.18nm	/mnt/lisper_data/LiSPER_remote/LiSPER_8cand_LiCl/systems/LiDA-1/gromacs/umbrella_sampling_binding_site_v2/window_014_1.18nm/umbrella.tpr	/mnt/lisper_data/LiSPER_remote/LiSPER_8cand_LiCl/systems/LiDA-1/gromacs/umbrella_sampling_binding_site_v2/window_014_1.18nm/umbrella_pullf.xvg	/mnt/lisper_data/LiSPER_remote/LiSPER_8cand_LiCl/systems/LiDA-1/gromacs/umbrella_sampling_binding_site_v2/window_014_1.18nm/umbrella_pullx.xvg	original_2ns
015	/mnt/lisper_data/LiSPER_remote/LiSPER_8cand_LiCl/systems/LiDA-1/gromacs/umbrella_sampling_binding_site_v2/window_015_1.25nm	/mnt/lisper_data/LiSPER_remote/LiSPER_8cand_LiCl/systems/LiDA-1/gromacs/umbrella_sampling_binding_site_v2/window_015_1.25nm/umbrella.tpr	/mnt/lisper_data/LiSPER_remote/LiSPER_8cand_LiCl/systems/LiDA-1/gromacs/umbrella_sampling_binding_site_v2/window_015_1.25nm/umbrella_pullf.xvg	/mnt/lisper_data/LiSPER_remote/LiSPER_8cand_LiCl/systems/LiDA-1/gromacs/umbrella_sampling_binding_site_v2/window_015_1.25nm/umbrella_pullx.xvg	original_2ns
016	/mnt/lisper_data/LiSPER_remote/LiSPER_8cand_LiCl/systems/LiDA-1/gromacs/umbrella_sampling_binding_site_v2/window_016_1.33nm	/mnt/lisper_data/LiSPER_remote/LiSPER_8cand_LiCl/systems/LiDA-1/gromacs/umbrella_sampling_binding_site_v2/window_016_1.33nm/umbrella.tpr	/mnt/lisper_data/LiSPER_remote/LiSPER_8cand_LiCl/systems/LiDA-1/gromacs/umbrella_sampling_binding_site_v2/window_016_1.33nm/umbrella_pullf.xvg	/mnt/lisper_data/LiSPER_remote/LiSPER_8cand_LiCl/systems/LiDA-1/gromacs/umbrella_sampling_binding_site_v2/window_016_1.33nm/umbrella_pullx.xvg	original_2ns
017	/mnt/lisper_data/LiSPER_remote/LiSPER_8cand_LiCl/systems/LiDA-1/gromacs/umbrella_sampling_binding_site_v2/window_017_1.40nm	/mnt/lisper_data/LiSPER_remote/LiSPER_8cand_LiCl/systems/LiDA-1/gromacs/umbrella_sampling_binding_site_v2/window_017_1.40nm/umbrella.tpr	/mnt/lisper_data/LiSPER_remote/LiSPER_8cand_LiCl/systems/LiDA-1/gromacs/umbrella_sampling_binding_site_v2/window_017_1.40nm/umbrella_pullf.xvg	/mnt/lisper_data/LiSPER_remote/LiSPER_8cand_LiCl/systems/LiDA-1/gromacs/umbrella_sampling_binding_site_v2/window_017_1.40nm/umbrella_pullx.xvg	original_2ns
018	/mnt/lisper_data/LiSPER_remote/LiSPER_8cand_LiCl/systems/LiDA-1/gromacs/umbrella_sampling_binding_site_v2/window_018_1.48nm	/mnt/lisper_data/LiSPER_remote/LiSPER_8cand_LiCl/systems/LiDA-1/gromacs/umbrella_sampling_binding_site_v2/window_018_1.48nm/umbrella.tpr	/mnt/lisper_data/LiSPER_remote/LiSPER_8cand_LiCl/systems/LiDA-1/gromacs/umbrella_sampling_binding_site_v2/window_018_1.48nm/umbrella_pullf.xvg	/mnt/lisper_data/LiSPER_remote/LiSPER_8cand_LiCl/systems/LiDA-1/gromacs/umbrella_sampling_binding_site_v2/window_018_1.48nm/umbrella_pullx.xvg	original_2ns
019	/mnt/lisper_data/LiSPER_remote/LiSPER_8cand_LiCl/systems/LiDA-1/gromacs/umbrella_sampling_binding_site_v2/window_019_1.55nm	/mnt/lisper_data/LiSPER_remote/LiSPER_8cand_LiCl/systems/LiDA-1/gromacs/umbrella_sampling_binding_site_v2/window_019_1.55nm/umbrella.tpr	/mnt/lisper_data/LiSPER_remote/LiSPER_8cand_LiCl/systems/LiDA-1/gromacs/umbrella_sampling_binding_site_v2/window_019_1.55nm/umbrella_pullf.xvg	/mnt/lisper_data/LiSPER_remote/LiSPER_8cand_LiCl/systems/LiDA-1/gromacs/umbrella_sampling_binding_site_v2/window_019_1.55nm/umbrella_pullx.xvg	original_2ns
020	/mnt/lisper_data/LiSPER_remote/LiSPER_8cand_LiCl/systems/LiDA-1/gromacs/umbrella_sampling_binding_site_v2/window_020_1.63nm	/mnt/lisper_data/LiSPER_remote/LiSPER_8cand_LiCl/systems/LiDA-1/gromacs/umbrella_sampling_binding_site_v2/window_020_1.63nm/umbrella.tpr	/mnt/lisper_data/LiSPER_remote/LiSPER_8cand_LiCl/systems/LiDA-1/gromacs/umbrella_sampling_binding_site_v2/window_020_1.63nm/umbrella_pullf.xvg	/mnt/lisper_data/LiSPER_remote/LiSPER_8cand_LiCl/systems/LiDA-1/gromacs/umbrella_sampling_binding_site_v2/window_020_1.63nm/umbrella_pullx.xvg	original_2ns
021	/mnt/lisper_data/LiSPER_remote/LiSPER_8cand_LiCl/systems/LiDA-1/gromacs/umbrella_sampling_binding_site_v2/window_021_1.70nm	/mnt/lisper_data/LiSPER_remote/LiSPER_8cand_LiCl/systems/LiDA-1/gromacs/umbrella_sampling_binding_site_v2/window_021_1.70nm/umbrella.tpr	/mnt/lisper_data/LiSPER_remote/LiSPER_8cand_LiCl/systems/LiDA-1/gromacs/umbrella_sampling_binding_site_v2/window_021_1.70nm/umbrella_pullf.xvg	/mnt/lisper_data/LiSPER_remote/LiSPER_8cand_LiCl/systems/LiDA-1/gromacs/umbrella_sampling_binding_site_v2/window_021_1.70nm/umbrella_pullx.xvg	original_2ns
022	/mnt/lisper_data/LiSPER_remote/LiSPER_8cand_LiCl/systems/LiDA-1/gromacs/umbrella_sampling_binding_site_v2/window_022_1.78nm	/mnt/lisper_data/LiSPER_remote/LiSPER_8cand_LiCl/systems/LiDA-1/gromacs/umbrella_sampling_binding_site_v2/window_022_1.78nm/umbrella.tpr	/mnt/lisper_data/LiSPER_remote/LiSPER_8cand_LiCl/systems/LiDA-1/gromacs/umbrella_sampling_binding_site_v2/window_022_1.78nm/umbrella_pullf.xvg	/mnt/lisper_data/LiSPER_remote/LiSPER_8cand_LiCl/systems/LiDA-1/gromacs/umbrella_sampling_binding_site_v2/window_022_1.78nm/umbrella_pullx.xvg	original_2ns
023	/mnt/lisper_data/LiSPER_remote/LiSPER_8cand_LiCl/systems/LiDA-1/gromacs/umbrella_sampling_binding_site_v2/window_023_1.85nm	/mnt/lisper_data/LiSPER_remote/LiSPER_8cand_LiCl/systems/LiDA-1/gromacs/umbrella_sampling_binding_site_v2/window_023_1.85nm/umbrella.tpr	/mnt/lisper_data/LiSPER_remote/LiSPER_8cand_LiCl/systems/LiDA-1/gromacs/umbrella_sampling_binding_site_v2/window_023_1.85nm/umbrella_pullf.xvg	/mnt/lisper_data/LiSPER_remote/LiSPER_8cand_LiCl/systems/LiDA-1/gromacs/umbrella_sampling_binding_site_v2/window_023_1.85nm/umbrella_pullx.xvg	original_2ns
024	/mnt/lisper_data/LiSPER_remote/LiSPER_8cand_LiCl/systems/LiDA-1/gromacs/umbrella_sampling_binding_site_v2/window_024_1.93nm	/mnt/lisper_data/LiSPER_remote/LiSPER_8cand_LiCl/systems/LiDA-1/gromacs/umbrella_sampling_binding_site_v2/v3_tail_repair_20260701_1105/window_024_extend_2ns/umbrella_ext.tpr	/mnt/lisper_data/LiSPER_remote/LiSPER_8cand_LiCl/systems/LiDA-1/gromacs/umbrella_sampling_binding_site_v2/pmf_wham_v4_20260702_1855/combined_inputs/window_024_pullf_combined.xvg	/mnt/lisper_data/LiSPER_remote/LiSPER_8cand_LiCl/systems/LiDA-1/gromacs/umbrella_sampling_binding_site_v2/pmf_wham_v4_20260702_1855/combined_inputs/window_024_pullx_combined.xvg	original_2ns_plus_v3_extension_to_4ns
025	/mnt/lisper_data/LiSPER_remote/LiSPER_8cand_LiCl/systems/LiDA-1/gromacs/umbrella_sampling_binding_site_v2/window_025_2.00nm	/mnt/lisper_data/LiSPER_remote/LiSPER_8cand_LiCl/systems/LiDA-1/gromacs/umbrella_sampling_binding_site_v2/v3_tail_repair_20260701_1105/window_025_extend_2ns/umbrella_ext.tpr	/mnt/lisper_data/LiSPER_remote/LiSPER_8cand_LiCl/systems/LiDA-1/gromacs/umbrella_sampling_binding_site_v2/pmf_wham_v4_20260702_1855/combined_inputs/window_025_pullf_combined.xvg	/mnt/lisper_data/LiSPER_remote/LiSPER_8cand_LiCl/systems/LiDA-1/gromacs/umbrella_sampling_binding_site_v2/pmf_wham_v4_20260702_1855/combined_inputs/window_025_pullx_combined.xvg	original_2ns_plus_v3_extension_to_4ns
026	/mnt/lisper_data/LiSPER_remote/LiSPER_8cand_LiCl/systems/LiDA-1/gromacs/umbrella_sampling_binding_site_v2/window_026_2.08nm	/mnt/lisper_data/LiSPER_remote/LiSPER_8cand_LiCl/systems/LiDA-1/gromacs/umbrella_sampling_binding_site_v2/v4_tail_repair_20260702_0256/window_026_extend_to_6ns/umbrella_v4.tpr	/mnt/lisper_data/LiSPER_remote/LiSPER_8cand_LiCl/systems/LiDA-1/gromacs/umbrella_sampling_binding_site_v2/pmf_wham_v4_20260702_1855/combined_inputs/window_026_pullf_combined.xvg	/mnt/lisper_data/LiSPER_remote/LiSPER_8cand_LiCl/systems/LiDA-1/gromacs/umbrella_sampling_binding_site_v2/pmf_wham_v4_20260702_1855/combined_inputs/window_026_pullx_combined.xvg	original_2ns_plus_v3_extension_to_4ns_plus_v4_extension_to_6ns
