window	tpr	pullf	pullx	log_finished
window_000_0.13nm	/mnt/lisper_data/LiSPER_remote/LiSPER_8cand_LiCl/systems/LiDA-1/gromacs/umbrella_sampling_binding_site_v2/window_000_0.13nm/umbrella.tpr	/mnt/lisper_data/LiSPER_remote/LiSPER_8cand_LiCl/systems/LiDA-1/gromacs/umbrella_sampling_binding_site_v2/window_000_0.13nm/umbrella_pullf.xvg	/mnt/lisper_data/LiSPER_remote/LiSPER_8cand_LiCl/systems/LiDA-1/gromacs/umbrella_sampling_binding_site_v2/window_000_0.13nm/umbrella_pullx.xvg	1
window_001_0.20nm	/mnt/lisper_data/LiSPER_remote/LiSPER_8cand_LiCl/systems/LiDA-1/gromacs/umbrella_sampling_binding_site_v2/window_001_0.20nm/umbrella.tpr	/mnt/lisper_data/LiSPER_remote/LiSPER_8cand_LiCl/systems/LiDA-1/gromacs/umbrella_sampling_binding_site_v2/window_001_0.20nm/umbrella_pullf.xvg	/mnt/lisper_data/LiSPER_remote/LiSPER_8cand_LiCl/systems/LiDA-1/gromacs/umbrella_sampling_binding_site_v2/window_001_0.20nm/umbrella_pullx.xvg	1
window_002_0.28nm	/mnt/lisper_data/LiSPER_remote/LiSPER_8cand_LiCl/systems/LiDA-1/gromacs/umbrella_sampling_binding_site_v2/window_002_0.28nm/umbrella.tpr	/mnt/lisper_data/LiSPER_remote/LiSPER_8cand_LiCl/systems/LiDA-1/gromacs/umbrella_sampling_binding_site_v2/window_002_0.28nm/umbrella_pullf.xvg	/mnt/lisper_data/LiSPER_remote/LiSPER_8cand_LiCl/systems/LiDA-1/gromacs/umbrella_sampling_binding_site_v2/window_002_0.28nm/umbrella_pullx.xvg	1
window_003_0.35nm	/mnt/lisper_data/LiSPER_remote/LiSPER_8cand_LiCl/systems/LiDA-1/gromacs/umbrella_sampling_binding_site_v2/window_003_0.35nm/umbrella.tpr	/mnt/lisper_data/LiSPER_remote/LiSPER_8cand_LiCl/systems/LiDA-1/gromacs/umbrella_sampling_binding_site_v2/window_003_0.35nm/umbrella_pullf.xvg	/mnt/lisper_data/LiSPER_remote/LiSPER_8cand_LiCl/systems/LiDA-1/gromacs/umbrella_sampling_binding_site_v2/window_003_0.35nm/umbrella_pullx.xvg	1
window_004_0.43nm	/mnt/lisper_data/LiSPER_remote/LiSPER_8cand_LiCl/systems/LiDA-1/gromacs/umbrella_sampling_binding_site_v2/window_004_0.43nm/umbrella.tpr	/mnt/lisper_data/LiSPER_remote/LiSPER_8cand_LiCl/systems/LiDA-1/gromacs/umbrella_sampling_binding_site_v2/window_004_0.43nm/umbrella_pullf.xvg	/mnt/lisper_data/LiSPER_remote/LiSPER_8cand_LiCl/systems/LiDA-1/gromacs/umbrella_sampling_binding_site_v2/window_004_0.43nm/umbrella_pullx.xvg	1
window_005_0.50nm	/mnt/lisper_data/LiSPER_remote/LiSPER_8cand_LiCl/systems/LiDA-1/gromacs/umbrella_sampling_binding_site_v2/window_005_0.50nm/umbrella.tpr	/mnt/lisper_data/LiSPER_remote/LiSPER_8cand_LiCl/systems/LiDA-1/gromacs/umbrella_sampling_binding_site_v2/window_005_0.50nm/umbrella_pullf.xvg	/mnt/lisper_data/LiSPER_remote/LiSPER_8cand_LiCl/systems/LiDA-1/gromacs/umbrella_sampling_binding_site_v2/window_005_0.50nm/umbrella_pullx.xvg	1
window_006_0.58nm	/mnt/lisper_data/LiSPER_remote/LiSPER_8cand_LiCl/systems/LiDA-1/gromacs/umbrella_sampling_binding_site_v2/window_006_0.58nm/umbrella.tpr	/mnt/lisper_data/LiSPER_remote/LiSPER_8cand_LiCl/systems/LiDA-1/gromacs/umbrella_sampling_binding_site_v2/window_006_0.58nm/umbrella_pullf.xvg	/mnt/lisper_data/LiSPER_remote/LiSPER_8cand_LiCl/systems/LiDA-1/gromacs/umbrella_sampling_binding_site_v2/window_006_0.58nm/umbrella_pullx.xvg	1
window_007_0.65nm	/mnt/lisper_data/LiSPER_remote/LiSPER_8cand_LiCl/systems/LiDA-1/gromacs/umbrella_sampling_binding_site_v2/window_007_0.65nm/umbrella.tpr	/mnt/lisper_data/LiSPER_remote/LiSPER_8cand_LiCl/systems/LiDA-1/gromacs/umbrella_sampling_binding_site_v2/window_007_0.65nm/umbrella_pullf.xvg	/mnt/lisper_data/LiSPER_remote/LiSPER_8cand_LiCl/systems/LiDA-1/gromacs/umbrella_sampling_binding_site_v2/window_007_0.65nm/umbrella_pullx.xvg	1
window_008_0.73nm	/mnt/lisper_data/LiSPER_remote/LiSPER_8cand_LiCl/systems/LiDA-1/gromacs/umbrella_sampling_binding_site_v2/window_008_0.73nm/umbrella.tpr	/mnt/lisper_data/LiSPER_remote/LiSPER_8cand_LiCl/systems/LiDA-1/gromacs/umbrella_sampling_binding_site_v2/window_008_0.73nm/umbrella_pullf.xvg	/mnt/lisper_data/LiSPER_remote/LiSPER_8cand_LiCl/systems/LiDA-1/gromacs/umbrella_sampling_binding_site_v2/window_008_0.73nm/umbrella_pullx.xvg	1
window_009_0.80nm	/mnt/lisper_data/LiSPER_remote/LiSPER_8cand_LiCl/systems/LiDA-1/gromacs/umbrella_sampling_binding_site_v2/window_009_0.80nm/umbrella.tpr	/mnt/lisper_data/LiSPER_remote/LiSPER_8cand_LiCl/systems/LiDA-1/gromacs/umbrella_sampling_binding_site_v2/window_009_0.80nm/umbrella_pullf.xvg	/mnt/lisper_data/LiSPER_remote/LiSPER_8cand_LiCl/systems/LiDA-1/gromacs/umbrella_sampling_binding_site_v2/window_009_0.80nm/umbrella_pullx.xvg	1
window_010_0.88nm	/mnt/lisper_data/LiSPER_remote/LiSPER_8cand_LiCl/systems/LiDA-1/gromacs/umbrella_sampling_binding_site_v2/window_010_0.88nm/umbrella.tpr	/mnt/lisper_data/LiSPER_remote/LiSPER_8cand_LiCl/systems/LiDA-1/gromacs/umbrella_sampling_binding_site_v2/window_010_0.88nm/umbrella_pullf.xvg	/mnt/lisper_data/LiSPER_remote/LiSPER_8cand_LiCl/systems/LiDA-1/gromacs/umbrella_sampling_binding_site_v2/window_010_0.88nm/umbrella_pullx.xvg	1
window_011_0.95nm	/mnt/lisper_data/LiSPER_remote/LiSPER_8cand_LiCl/systems/LiDA-1/gromacs/umbrella_sampling_binding_site_v2/window_011_0.95nm/umbrella.tpr	/mnt/lisper_data/LiSPER_remote/LiSPER_8cand_LiCl/systems/LiDA-1/gromacs/umbrella_sampling_binding_site_v2/window_011_0.95nm/umbrella_pullf.xvg	/mnt/lisper_data/LiSPER_remote/LiSPER_8cand_LiCl/systems/LiDA-1/gromacs/umbrella_sampling_binding_site_v2/window_011_0.95nm/umbrella_pullx.xvg	1
window_012_1.03nm	/mnt/lisper_data/LiSPER_remote/LiSPER_8cand_LiCl/systems/LiDA-1/gromacs/umbrella_sampling_binding_site_v2/window_012_1.03nm/umbrella.tpr	/mnt/lisper_data/LiSPER_remote/LiSPER_8cand_LiCl/systems/LiDA-1/gromacs/umbrella_sampling_binding_site_v2/window_012_1.03nm/umbrella_pullf.xvg	/mnt/lisper_data/LiSPER_remote/LiSPER_8cand_LiCl/systems/LiDA-1/gromacs/umbrella_sampling_binding_site_v2/window_012_1.03nm/umbrella_pullx.xvg	1
window_013_1.10nm	/mnt/lisper_data/LiSPER_remote/LiSPER_8cand_LiCl/systems/LiDA-1/gromacs/umbrella_sampling_binding_site_v2/window_013_1.10nm/umbrella.tpr	/mnt/lisper_data/LiSPER_remote/LiSPER_8cand_LiCl/systems/LiDA-1/gromacs/umbrella_sampling_binding_site_v2/window_013_1.10nm/umbrella_pullf.xvg	/mnt/lisper_data/LiSPER_remote/LiSPER_8cand_LiCl/systems/LiDA-1/gromacs/umbrella_sampling_binding_site_v2/window_013_1.10nm/umbrella_pullx.xvg	1
window_014_1.18nm	/mnt/lisper_data/LiSPER_remote/LiSPER_8cand_LiCl/systems/LiDA-1/gromacs/umbrella_sampling_binding_site_v2/window_014_1.18nm/umbrella.tpr	/mnt/lisper_data/LiSPER_remote/LiSPER_8cand_LiCl/systems/LiDA-1/gromacs/umbrella_sampling_binding_site_v2/window_014_1.18nm/umbrella_pullf.xvg	/mnt/lisper_data/LiSPER_remote/LiSPER_8cand_LiCl/systems/LiDA-1/gromacs/umbrella_sampling_binding_site_v2/window_014_1.18nm/umbrella_pullx.xvg	1
window_015_1.25nm	/mnt/lisper_data/LiSPER_remote/LiSPER_8cand_LiCl/systems/LiDA-1/gromacs/umbrella_sampling_binding_site_v2/window_015_1.25nm/umbrella.tpr	/mnt/lisper_data/LiSPER_remote/LiSPER_8cand_LiCl/systems/LiDA-1/gromacs/umbrella_sampling_binding_site_v2/window_015_1.25nm/umbrella_pullf.xvg	/mnt/lisper_data/LiSPER_remote/LiSPER_8cand_LiCl/systems/LiDA-1/gromacs/umbrella_sampling_binding_site_v2/window_015_1.25nm/umbrella_pullx.xvg	1
window_016_1.33nm	/mnt/lisper_data/LiSPER_remote/LiSPER_8cand_LiCl/systems/LiDA-1/gromacs/umbrella_sampling_binding_site_v2/window_016_1.33nm/umbrella.tpr	/mnt/lisper_data/LiSPER_remote/LiSPER_8cand_LiCl/systems/LiDA-1/gromacs/umbrella_sampling_binding_site_v2/window_016_1.33nm/umbrella_pullf.xvg	/mnt/lisper_data/LiSPER_remote/LiSPER_8cand_LiCl/systems/LiDA-1/gromacs/umbrella_sampling_binding_site_v2/window_016_1.33nm/umbrella_pullx.xvg	1
window_017_1.40nm	/mnt/lisper_data/LiSPER_remote/LiSPER_8cand_LiCl/systems/LiDA-1/gromacs/umbrella_sampling_binding_site_v2/window_017_1.40nm/umbrella.tpr	/mnt/lisper_data/LiSPER_remote/LiSPER_8cand_LiCl/systems/LiDA-1/gromacs/umbrella_sampling_binding_site_v2/window_017_1.40nm/umbrella_pullf.xvg	/mnt/lisper_data/LiSPER_remote/LiSPER_8cand_LiCl/systems/LiDA-1/gromacs/umbrella_sampling_binding_site_v2/window_017_1.40nm/umbrella_pullx.xvg	1
window_018_1.48nm	/mnt/lisper_data/LiSPER_remote/LiSPER_8cand_LiCl/systems/LiDA-1/gromacs/umbrella_sampling_binding_site_v2/window_018_1.48nm/umbrella.tpr	/mnt/lisper_data/LiSPER_remote/LiSPER_8cand_LiCl/systems/LiDA-1/gromacs/umbrella_sampling_binding_site_v2/window_018_1.48nm/umbrella_pullf.xvg	/mnt/lisper_data/LiSPER_remote/LiSPER_8cand_LiCl/systems/LiDA-1/gromacs/umbrella_sampling_binding_site_v2/window_018_1.48nm/umbrella_pullx.xvg	1
window_019_1.55nm	/mnt/lisper_data/LiSPER_remote/LiSPER_8cand_LiCl/systems/LiDA-1/gromacs/umbrella_sampling_binding_site_v2/window_019_1.55nm/umbrella.tpr	/mnt/lisper_data/LiSPER_remote/LiSPER_8cand_LiCl/systems/LiDA-1/gromacs/umbrella_sampling_binding_site_v2/window_019_1.55nm/umbrella_pullf.xvg	/mnt/lisper_data/LiSPER_remote/LiSPER_8cand_LiCl/systems/LiDA-1/gromacs/umbrella_sampling_binding_site_v2/window_019_1.55nm/umbrella_pullx.xvg	1
window_020_1.63nm	/mnt/lisper_data/LiSPER_remote/LiSPER_8cand_LiCl/systems/LiDA-1/gromacs/umbrella_sampling_binding_site_v2/window_020_1.63nm/umbrella.tpr	/mnt/lisper_data/LiSPER_remote/LiSPER_8cand_LiCl/systems/LiDA-1/gromacs/umbrella_sampling_binding_site_v2/window_020_1.63nm/umbrella_pullf.xvg	/mnt/lisper_data/LiSPER_remote/LiSPER_8cand_LiCl/systems/LiDA-1/gromacs/umbrella_sampling_binding_site_v2/window_020_1.63nm/umbrella_pullx.xvg	1
window_021_1.70nm	/mnt/lisper_data/LiSPER_remote/LiSPER_8cand_LiCl/systems/LiDA-1/gromacs/umbrella_sampling_binding_site_v2/window_021_1.70nm/umbrella.tpr	/mnt/lisper_data/LiSPER_remote/LiSPER_8cand_LiCl/systems/LiDA-1/gromacs/umbrella_sampling_binding_site_v2/window_021_1.70nm/umbrella_pullf.xvg	/mnt/lisper_data/LiSPER_remote/LiSPER_8cand_LiCl/systems/LiDA-1/gromacs/umbrella_sampling_binding_site_v2/window_021_1.70nm/umbrella_pullx.xvg	1
window_022_1.78nm	/mnt/lisper_data/LiSPER_remote/LiSPER_8cand_LiCl/systems/LiDA-1/gromacs/umbrella_sampling_binding_site_v2/window_022_1.78nm/umbrella.tpr	/mnt/lisper_data/LiSPER_remote/LiSPER_8cand_LiCl/systems/LiDA-1/gromacs/umbrella_sampling_binding_site_v2/window_022_1.78nm/umbrella_pullf.xvg	/mnt/lisper_data/LiSPER_remote/LiSPER_8cand_LiCl/systems/LiDA-1/gromacs/umbrella_sampling_binding_site_v2/window_022_1.78nm/umbrella_pullx.xvg	1
window_023_1.85nm	/mnt/lisper_data/LiSPER_remote/LiSPER_8cand_LiCl/systems/LiDA-1/gromacs/umbrella_sampling_binding_site_v2/window_023_1.85nm/umbrella.tpr	/mnt/lisper_data/LiSPER_remote/LiSPER_8cand_LiCl/systems/LiDA-1/gromacs/umbrella_sampling_binding_site_v2/window_023_1.85nm/umbrella_pullf.xvg	/mnt/lisper_data/LiSPER_remote/LiSPER_8cand_LiCl/systems/LiDA-1/gromacs/umbrella_sampling_binding_site_v2/window_023_1.85nm/umbrella_pullx.xvg	1
window_024_1.93nm	/mnt/lisper_data/LiSPER_remote/LiSPER_8cand_LiCl/systems/LiDA-1/gromacs/umbrella_sampling_binding_site_v2/window_024_1.93nm/umbrella.tpr	/mnt/lisper_data/LiSPER_remote/LiSPER_8cand_LiCl/systems/LiDA-1/gromacs/umbrella_sampling_binding_site_v2/window_024_1.93nm/umbrella_pullf.xvg	/mnt/lisper_data/LiSPER_remote/LiSPER_8cand_LiCl/systems/LiDA-1/gromacs/umbrella_sampling_binding_site_v2/window_024_1.93nm/umbrella_pullx.xvg	1
window_025_2.00nm	/mnt/lisper_data/LiSPER_remote/LiSPER_8cand_LiCl/systems/LiDA-1/gromacs/umbrella_sampling_binding_site_v2/window_025_2.00nm/umbrella.tpr	/mnt/lisper_data/LiSPER_remote/LiSPER_8cand_LiCl/systems/LiDA-1/gromacs/umbrella_sampling_binding_site_v2/window_025_2.00nm/umbrella_pullf.xvg	/mnt/lisper_data/LiSPER_remote/LiSPER_8cand_LiCl/systems/LiDA-1/gromacs/umbrella_sampling_binding_site_v2/window_025_2.00nm/umbrella_pullx.xvg	1
window_026_2.08nm	/mnt/lisper_data/LiSPER_remote/LiSPER_8cand_LiCl/systems/LiDA-1/gromacs/umbrella_sampling_binding_site_v2/window_026_2.08nm/umbrella.tpr	/mnt/lisper_data/LiSPER_remote/LiSPER_8cand_LiCl/systems/LiDA-1/gromacs/umbrella_sampling_binding_site_v2/window_026_2.08nm/umbrella_pullf.xvg	/mnt/lisper_data/LiSPER_remote/LiSPER_8cand_LiCl/systems/LiDA-1/gromacs/umbrella_sampling_binding_site_v2/window_026_2.08nm/umbrella_pullx.xvg	1
